,a,b,c,d,g,rD,rI,I_max,E,I,M,D,D.zscore,M.zscore,I.zscore
0,1.407157711140107,2.6488143000076168,0.42405411034502755,8.51219746396366,0,1.0156857755223812,0.1,10.78195016049704,12.28117141467875,6.5717671692064,0.29672229183775617,1.5466611433828252,0.30113043816868623,0.04266753104362799,0.8906904968880139
1,0.7602187888377502,6.56324988607413,0.47669840256256996,0.16244572751400455,0,0.8756627363517646,0.1,8.79560681014254,9.340706127086948,5.721709536088021,0.2129430320201184,0.016345645591867915,-1.1174560683691181,-0.5593526601297524,0.2612348871457705
2,0.9098460491035754,4.251777027602556,0.4097857913793102,11.077423204466951,0,0.961787793942526,0.1,6.561548395829192,10.399040551517041,4.728491569868732,0.24353374615203988,1.7233978058782051,0.4649634810859057,-0.3395342037490661,-0.47422891692602903
3,1.0222548848989523,2.4498969615235335,0.47389357605293164,7.4585314570340735,0,1.0582408597351902,0.1,4.344299054131284,9.529429495351904,3.336550937888544,0.33319640348129326,1.8599151185225982,0.5915136061455377,0.3047628480984421,-1.50494119465
4,0.6633230914122784,3.6231800105890137,0.28539644559832755,7.88526637664929,0,1.1342994236489634,0.1,9.293060189202484,11.637748960128837,5.972400949106873,0.2267519624645603,1.0281503164261117,-0.1795236907846818,-0.4601245819137562,0.4468683196226373
5,0.9006196718717844,6.370579243725371,0.3016147069769807,0.20560941539218142,0,0.8040636058326747,0.1,7.002957030146775,9.167287027599507,5.816625671644019,0.23785256148814804,0.03440693262478992,-1.1007134436537607,-0.3803580053067805,0.3315189380772418
6,0.8997328842426207,5.842331914432678,0.21776025359416268,1.0473233758997904,0,1.1303778313964314,0.1,8.349523180034934,11.906610239163921,7.121126382817578,0.2491365399410472,0.1639725307606178,-0.9806074854429837,-0.2992737025784277,1.2974831957578647
7,0.37358270809637373,3.90681371223198,0.4600808328215196,6.576911359452163,0,1.0879938655489971,0.1,5.58901627730933,8.501971150129402,3.3171784391101276,0.20807663640630544,0.7328172488232856,-0.45329436437490384,-0.5943215584481427,-1.5192862549796928
9,1.0801495547758648,3.257484484613744,0.3653958536471921,10.22869345072618,0,0.8533223528954932,0.1,4.774860143722352,10.702726590236356,4.078510428303313,0.341716797404762,3.11092675035107,1.7511883418425105,0.3659886119670229,-0.955530724997722
10,0.712371307809972,6.887172145574458,0.352758616529982,3.549650881486005,0,1.041640753499349,0.1,9.127346276883145,11.134938680263948,6.505970482265872,0.21399962448994106,0.3624051840006798,-0.7966624853765338,-0.5517602082262674,0.8419689842709959
11,0.8485355216412837,1.6732767107901971,0.4441805236836081,4.995821041449778,0,0.9581618181576915,0.1,5.019527510247206,8.48287307933963,3.2555869187644517,0.3172946197194391,1.2946388879444128,0.0675084357592245,0.19049596484897025,-1.5648939014305778
12,1.0515898122590255,6.334143373415255,0.3163968399232203,1.4999842388631655,0,1.013570746297909,0.1,6.380328801808094,9.937165516052778,5.5296659706382485,0.25645674757826037,0.2532165602228929,-0.8978792008722558,-0.24667222566425553,0.11902935321766489
13,0.8215930754425059,6.145653240560195,0.24279940163789168,6.285886624085607,0,1.0858199874086965,0.1,8.735458750327409,12.375882280354455,7.077179609353163,0.23208373792829046,0.8554227213665071,-0.33964037000016745,-0.4218115615916,1.2649412338843273
14,0.827175276398236,2.3463304356237664,0.31492431379942587,11.937769647731534,0,0.9629114222821149,0.1,6.184237840152545,11.17968474137975,4.441614188992839,0.292897179236509,2.7864248632584525,1.4503784767917134,0.015181074079517456,-0.6866575448980643
15,0.46402757625276275,3.096152405007875,0.21441499838499573,3.32371091660993,0,1.0161811305108686,0.1,7.781965119404543,9.92076548570961,5.235788463706729,0.2243421013893054,0.5202524999594073,-0.6503396696986599,-0.47744133821339607,-0.09858276872342346
16,1.0663740935675663,4.417359320352599,0.2904409439558048,9.885395390482167,0,1.0473565567493046,0.1,7.299984211352074,12.182320126142907,6.018298203592203,0.2783205716809752,1.8745956955534848,0.6051223479469944,-0.08956337086238385,0.48085458500275824
17,0.9371642715861116,5.81435622244148,0.3890008136654735,2.0494514262909824,0,1.0885880190907584,0.1,10.218284577786623,11.517878529480914,6.8473940851805,0.22292276097817817,0.21613236793738053,-0.9322558603637271,-0.48764042074894065,1.0947883153140385
18,0.9823379771279891,6.702672432028818,0.2171429432206025,11.073786746548429,0,1.1755204031380422,0.1,7.227262780824241,13.24687796770206,6.547357590912732,0.2633776560936427,1.8974387642371593,0.6262976343826046,-0.19694002850002618,0.8726155506846283
19,0.44204264043904795,6.950852221498606,0.49690886793584443,6.407914815443769,0,1.169449869999025,0.1,6.264441117861375,9.580565694358594,4.243057397126373,0.20573473974731143,0.5597088172361214,-0.6137640750796298,-0.6111499367057776,-0.8336860305247143
20,1.3952099073559427,2.6873902412933512,0.36085672668003027,1.5726020618900438,0,1.0240223291698105,0.1,11.887770470174239,11.973007984080962,7.483763681550383,0.3006015622616876,0.29315498585133665,-0.8608566968391604,0.07054315476376952,1.566010967400555
21,0.9463006606369074,2.1541814460451043,0.2900215559590779,9.78370795147712,0,0.9764781600356219,0.1,5.382467971297449,11.663915395107015,4.413980035171249,0.38430373758851033,3.244022719793279,1.8745669174354744,0.6720094329520271,-0.7071202435031806
22,0.7838580170140835,3.926350916004929,0.4501361730352446,11.094833892725035,0,1.2363379761194526,0.1,9.1226692752973,11.439739866229193,5.222112755622659,0.2222221632484402,1.1722752061287236,-0.045921421132765074,-0.49267476910807584,-0.10870943641669126
23,1.5087216662283336,4.34538340560441,0.2412395543809273,1.8132646074086711,0,1.0637837110459099,0.1,8.989665118578893,12.957700424348788,8.109453543050684,0.3750728382501334,0.4931120371144639,-0.675498595703529,0.6056781261764809,2.0293254274277195
24,0.8863841910418062,4.940228082359649,0.2965891915888167,1.4676990038988147,0,1.0425600886066746,0.1,6.796715935217311,10.006943590691732,5.496886863881017,0.2494648856576928,0.2398163723840168,-0.9103010352461101,-0.2969142791180605,0.09475689000244938
25,0.4647963902560276,1.6455467938860189,0.48114500239155744,3.1423558140636363,0,0.8904117468298016,0.1,9.949261773460398,7.6195168770864825,3.5282482422220354,0.2151801464496861,0.4296216475452411,-0.7343535246823841,-0.5432772249982338,-1.362992062162911
26,0.778431643371694,4.87813611613092,0.27197992470715493,6.436855543317298,0,1.0775223722502585,0.1,10.030079974904156,12.331288253982084,7.1031956245792065,0.22721017278783298,0.8180031404018437,-0.3743279312993875,-0.4568319786248912,1.2842057238308489
27,0.21350546940848325,6.528274484070028,0.41986757815860287,11.876379342390845,0,0.9226925044373696,0.1,7.810895462428299,9.667346153415298,4.82232577112276,0.20156124122585248,1.0542503645430599,-0.15532921838200617,-0.6411398218303247,-0.4047460229858188
28,1.2148189648029764,6.491206406977248,0.22427911475240703,10.757489741267928,0,0.9544476478983572,0.1,6.584504835459439,13.12887834906299,6.212639991937106,0.3235941579039706,2.9984477655324553,1.646921495977663,0.23576312512719041,0.624761920358693
29,0.7750577044439945,6.662643995800452,0.35974239077997605,4.057824692536946,0,0.867155742173959,0.1,4.90601062942514,8.392310537638947,4.164813398400959,0.2321785625669852,0.6588741705421522,-0.5218388267768739,-0.42113017162421157,-0.8916246008140045
30,0.6772339424386298,6.534037585191303,0.39743333185894214,0.46574977603297957,0,0.9484039745241281,0.1,10.959230966679034,10.830121309456814,6.893219446277798,0.2100547028372848,0.04328596508250371,-1.092482673166364,-0.5801075879078929,1.1287213446609334
31,1.2217410394726484,6.764666964895854,0.2629169136059003,7.446348277889687,0,1.0062203431804306,0.1,11.87076589906594,14.63555857013615,9.506691174703269,0.24415012845533732,1.0039860227111588,-0.20192373904501185,-0.3351050097829851,3.063960058211873
32,0.4046773231782483,1.2921552226980968,0.2982890364647729,7.1845259223208835,0,0.8507509702601264,0.1,6.243664547027026,8.111258249722175,3.0712362818940333,0.23836946999563755,1.5370180867876357,0.2921914252739839,-0.3766436091760992,-1.701402930955968
33,1.0606288068978273,6.496109144213596,0.36515272301928253,3.0192217767062797,0,0.9109832361166341,0.1,6.560843607525081,9.688648180163854,5.4676499388333655,0.24569796709155312,0.4770652968639534,-0.6903737565616339,-0.32398256595012603,0.07310736205768342
34,0.2806755590636474,2.6272768473526202,0.37699548755398193,7.5445082563234696,0,0.992270209395049,0.1,9.166289878445147,8.998619642425433,4.07859257381896,0.20506043802274262,0.8509462310262785,-0.34379002985949836,-0.615995327486468,-0.9554698974095392
35,0.7013521980999574,2.923994412796933,0.24626526683759847,12.269928797546006,0,0.8743761468350577,0.1,10.230611277919866,12.203654897919773,6.480950449647824,0.23905979160430246,2.125199860931718,0.8374297956601667,-0.37168310286792483,0.823442005306534
36,0.5387340463200803,3.7516854456877775,0.32323239573558954,1.8048368955010634,0,0.8754390822298804,0.1,10.7627503739293,9.818058471198524,5.995621749563397,0.2129999503404943,0.22068039271560658,-0.9280398888264172,-0.5589436570162307,0.4640629927137371
37,1.338592688164057,6.731682370045808,0.4999199042501917,3.9350296678893892,0,0.9172615121963905,0.1,10.14300649680372,11.16782514768646,6.970242276963653,0.23211451139339218,0.4285368219372446,-0.7353591467071705,-0.42159042992507617,1.1857556573528665
38,1.4298482633788,4.630533415934379,0.2967304829393654,10.599169386372875,0,0.8600071989184612,0.1,9.443321799140959,13.639354082095915,7.802324838569117,0.3022111141873534,2.297000447852954,0.9966871479993064,0.08210905735233376,1.8019009818173741
39,0.8011758744260804,3.1161592999122214,0.43560681815228985,1.98968610770974,0,1.061158110606966,0.1,8.975981767325663,9.560939107636562,4.959320614441715,0.23034733572232474,0.25698605076698355,-0.8943849224505265,-0.4342889836918283,-0.3033032863133189
41,0.8460040796242948,6.429570932939004,0.33835818903607573,2.150273221997154,0,1.0765927207004873,0.1,7.917973584946209,10.742361737601433,6.077799511324866,0.22531908100208797,0.2581913434746197,-0.8932676286807455,-0.47042096760448754,0.5249144586867678
42,1.0704185661983945,5.9340854094158235,0.3554508662257331,9.621219380883216,0,1.0920913923799136,0.1,9.668341242895876,12.708779515550303,7.0885100671921775,0.23416391499014375,1.151903878838471,-0.06480542907487456,-0.40686384547215354,1.2733312770647556
43,0.6741488410735605,1.8252263214158553,0.37880548697780875,1.592875393642787,0,0.8807847269377769,0.1,6.421817609090193,7.624200114790687,3.6664599062418497,0.2592870391685765,0.33460130079773054,-0.8224363951343534,-0.2263343438545167,-1.2606482870356464
44,0.38749823904988323,2.4920911969430115,0.4152958924490375,1.1390573049683093,0,1.004077101704925,0.1,5.975246049781134,7.405211564511607,3.133712624499553,0.21362147753287397,0.15519053319235446,-0.9887483055998532,-0.5544774929561718,-1.6551400861827759
45,0.3590704024560777,3.231671206415438,0.4387731131624132,7.836964097411714,0,0.9523564450389297,0.1,7.3023759339578245,8.551718833754693,3.7336267472763147,0.20722159849549399,0.9086663063226598,-0.29028412203200177,-0.6004656815598491,-1.2109121947630395
46,1.0149365555272536,2.300451941741038,0.41004971460030426,9.585377216924083,0,0.8867948543052766,0.1,8.354263782771095,10.560463947595034,4.992493060259788,0.2766341409565404,1.9207914701141413,0.6479453491813199,-0.10168170837616508,-0.27873956110746734
47,1.5742785158423098,4.380890516281706,0.44216015615297327,9.454330433190151,0,0.9666841185316556,0.1,4.088192515253376,11.758575360366086,3.8653566458730206,0.4665635036342807,3.9264822403664437,2.5071997755231457,1.2631108605433758,-1.113368074915196
48,0.9808234891523661,2.3418325596758844,0.46578850984021863,5.41378625725214,0,0.9759846602195222,0.1,10.012556832960176,9.887377376440893,5.05114241003701,0.2503016551176431,0.8322963255257954,-0.3610782977554852,-0.2909014292630507,-0.23531055019490205
49,0.7426186141797443,4.449546978681983,0.29783578552120077,11.457503731470558,0,1.0708190034641376,0.1,9.669216116114992,12.329917148212598,6.503709729010913,0.22546451935260597,1.442931405345135,0.20497405282240813,-0.46937587811845755,0.840294928579787
50,1.4736056586995823,6.616147728437129,0.44819279146927027,1.8859411109026905,0,1.1021623016621063,0.1,5.798288703163834,9.941677570999193,5.109437883424557,0.28445645820332194,0.3235904809262109,-0.8326433103215836,-0.04547217710820254,-0.19214357972519375
51,0.9711905539911581,6.092055853201516,0.35599345568100044,5.519019408893416,0,0.8904021537598169,0.1,5.988728312716578,9.599760137216094,5.010184670860628,0.24602413212635724,0.9279668513161994,-0.27239271811157884,-0.3216388124121471,-0.2656391746110574
52,0.9304301955634846,1.5955807784954084,0.27782835986671134,4.616089440599397,0,0.9595562330787152,0.1,5.395890237260815,10.211771416828954,4.36958736140493,0.4555376953574645,1.9039591231091642,0.6323419390550478,1.1838817145578622,-0.7399923882201908
53,0.9757733206665952,2.2414287902225665,0.2519221113203803,6.82732531850821,0,1.0528619685215008,0.1,7.294630166207689,11.893656778703368,5.70681931028042,0.35233533258728955,1.875389594336946,0.6058582838395606,0.44229117890878394,0.2502088863197564
54,0.8602868407299459,3.476495453583997,0.42933470197455215,2.415778273160099,0,1.1173810769432366,0.1,11.678836321267285,10.891638778837534,6.0561158553016226,0.22462755440642077,0.265998615762965,-0.8860303686927884,-0.47539013269655495,0.5088580192269143
55,0.8071570978233359,4.876765459955485,0.3909898485556742,1.8390361449422103,0,0.7565910928826257,0.1,7.125007362623084,8.458240684272868,5.050507626327801,0.2285991786756193,0.281368686414565,-0.871782473495774,-0.44685087361243053,-0.23578059852005973
56,0.46951096018933375,3.319398177009311,0.22121941067236847,12.291979186897994,0,1.1274662166389027,0.1,11.407770666099704,12.861095958892085,6.74929440110818,0.21517822311137397,1.5019366912282943,0.2596713374601734,-0.5432910457039895,1.0221468919004988
57,1.0504872369543121,2.5096742100412532,0.37623611762657244,3.7765772177124344,0,0.9832637465419871,0.1,5.4500052839333115,9.293695897583067,4.250474087909281,0.33923524535628274,1.0101668235058374,-0.19619420116894246,0.3481566993685582,-0.828194076288742
58,0.8715673648680318,3.0679542227724284,0.21336398586648947,6.24627363248165,0,1.1528184616389934,0.1,5.915004446485335,11.53096475010455,5.172431952845472,0.34334645217139714,1.6472589507031046,0.3943835564033498,0.3776989693548993,-0.145497365594951
59,1.2579257767032033,2.224081519178746,0.31737681515996263,11.453354398738782,0,0.9577503470238947,0.1,8.05547487000905,13.409097103304738,6.099818302701989,0.3790185830912671,3.37827741250717,1.99901961741677,0.6340314211178695,0.5412190611185232
60,0.7893544594656461,6.171200317136098,0.37134837138161986,3.7831482966781653,0,0.9171398141893822,0.1,5.208594643081188,8.646024953776575,4.292716154376995,0.23245516223425416,0.5847495426420507,-0.5905515837822163,-0.419142584422675,-0.796914425745913
61,0.3280890364408595,5.183510274059972,0.39505839639658663,4.582450253671051,0,1.0044862440241193,0.1,4.906533950276234,8.052942165504296,3.4033014158869537,0.2063503118201801,0.531695773520865,-0.6397318744509886,-0.6067265648856393,-1.4555134132948224
62,0.8701168104315407,3.4661746144356567,0.24735582674256068,7.039439076998477,0,1.1166579155882048,0.1,9.360067882271148,12.520151229146931,6.791619855699784,0.2573827230096602,1.161899711094329,-0.055539396821888465,-0.24001836040635527,1.053488290165274
63,1.4098611890240043,5.2025885692598255,0.21345099176437735,0.8507796888934784,0,1.0030609645175004,0.1,6.739141523938497,11.033204291105982,6.495976364489291,0.5179650631533296,0.4249840685466892,-0.7386525120479603,1.6324716875025205,0.8345684819358586
64,0.7849730631205463,4.118375904872357,0.3728071292749725,0.2922141691235239,0,0.7648074046263209,0.1,9.590151777280337,9.09421728311453,5.893924465907249,0.22452955600077407,0.04106319870199754,-1.0945431544194935,-0.4760943286876693,0.3887575978805894
65,0.6330429416937753,4.157573266951422,0.44563527681593856,7.909482310069244,0,1.0682636688250664,0.1,5.817974640359149,9.238728096767593,3.8572848118727925,0.2217465680991235,1.0083886095945354,-0.19784258691943135,-0.496092296111012,-1.1193451534030545
66,0.5419224233225451,3.204133650783719,0.43898348931067266,4.636016380431745,0,0.8394002875758958,0.1,6.39848158189544,7.838150534431486,3.7063379135101133,0.21869023563214052,0.67421147061779,-0.5076213095620067,-0.5180544602560232,-1.2311191887693704
67,0.584994956677388,3.9293101514338424,0.3078979674605535,0.993765328455025,0,0.9023622847916307,0.1,11.142713329289485,10.263436294096048,6.432654500163255,0.21483717254613507,0.12133265476627007,-1.0201342057913976,-0.5457417635419345,0.7876795403318135
68,0.8099418789599511,6.913097450172216,0.3730853351376658,3.5829717316221634,0,0.8840718035317107,0.1,8.637220000365481,10.345771596761777,6.298519182304661,0.21796944004188623,0.41096520033027306,-0.7516478566794739,-0.5232339462050082,0.688354241668337
69,0.5460053719625384,5.706789203876488,0.4156093639067189,8.668205336280446,0,0.8165530260201588,0.1,4.980933443659542,8.29373877817259,3.720916534851715,0.2150538044184807,1.206610139240241,-0.014093296223106608,-0.5441850923384929,-1.2203239266268315
70,1.3492917346792752,5.966201755910461,0.46195651721355835,9.495083030929532,0,0.874958804228979,0.1,7.365291045317786,10.82881911183716,5.768912344635319,0.255759511577848,1.4600715502859245,0.22086278842510257,-0.2516824173414665,0.2961878967748813
71,0.8152094291773858,1.7462311085450903,0.3474881859283001,6.317451763637523,0,0.9014154186583043,0.1,4.800594373907929,9.224612480349801,3.5270611627471915,0.34731968028584786,1.991889642969393,0.7138526139234888,0.40624975333465346,-1.363871077662024
72,0.932594511448419,4.025643898507924,0.46265003441207353,2.759551906227162,0,0.9388769181131531,0.1,4.529897256351064,7.948605028116995,3.5629244794503183,0.26443715829546716,0.5301728762140643,-0.6411435843718439,-0.18932666787259458,-1.3373148007659112
73,1.3314718562201269,3.201405642412376,0.2953186639686784,10.493700510992795,0,0.9946745607148657,0.1,8.513289760900829,13.589465221267412,6.883363930684688,0.3442283767098926,2.627403047723261,1.3029669122555085,0.38403629413457885,1.1214234752750332
75,0.8361801098947318,3.3716621574180885,0.28823698442333096,9.461444373194137,0,0.8519596037328835,0.1,5.714944254754512,10.399518599475124,4.605224119166882,0.28136052162679487,2.2864560653767083,0.9869126154129422,-0.06771892807877038,-0.5655067142422718
76,0.9995922646465495,1.4451260483935497,0.4189302268019953,1.9152997169396502,0,0.9818309742429993,0.1,4.580780180504495,8.157659080622457,3.415474245214183,0.4377120784203048,0.7148609384362776,-0.46993967683431775,1.0557905695698147,-1.4464996059858393
77,1.120507975313208,2.4041182867914843,0.4655421239936014,11.685664171868009,0,1.097273650267831,0.1,4.890212914324332,11.135422972516857,3.7325867360227827,0.3471879295113759,2.9137416354227494,1.5683997967802608,0.40530301989958245,-1.2116823083320798
78,0.8421433618950658,5.792576267509657,0.3413546567010207,9.667134775275771,0,1.094821072979054,0.1,7.5874117361389315,11.45785892107583,5.763813489447526,0.2287054598670324,1.2147611397120892,-0.006537403793840661,-0.446087159259834,0.29241226689265115
79,0.3665961441124474,5.117304857463796,0.4087753200124043,6.265497012931585,0,1.0134652283504817,0.1,5.3252762666637885,8.470340987695687,3.6055857016923443,0.2071518059517135,0.7108943726014159,-0.47361664199526093,-0.6009671961428218,-1.3057247713226203
80,1.096411711110933,5.19127983007956,0.24164412631862703,5.4271411917462595,0,1.061938710673067,0.1,6.515177191432872,11.513574500239926,5.916678353897154,0.3065395311501546,1.2491413036505035,0.025332649620631316,0.11321215390744413,0.40560652891853705
81,1.1683056914461598,1.4761472615848819,0.35222878556095394,7.162196852861569,0,1.0892259405410705,0.1,7.481301371375482,11.856763836578653,5.164493167379833,0.42107904473004437,2.2353669070345394,0.9395534984470666,0.9362690776898427,-0.15137592353172916
82,1.024650784289403,1.9838936655233577,0.33045234298188697,8.26392908694712,0,1.1361652579849602,0.1,5.552916468792266,11.47003099999747,4.38865890940358,0.3935031651739758,2.436711058654049,1.1261974271467645,0.738114590311291,-0.7258701776705596
83,0.6229366029860348,1.129504864425203,0.32948127799151156,6.973533278700673,0,1.1696450528004525,0.1,5.07908126881923,9.598781893815348,3.0840455935292903,0.3256496188752347,1.7361560890842478,0.47679027655965334,0.25053323660302984,-1.6919178175335159
84,0.8411918063076105,1.585087161460175,0.2564133987447939,8.697714698138464,0,0.9679721821376115,0.1,5.182428427883066,11.691960302617494,4.210698137326041,0.4401426941759343,3.509373436741006,2.120544264659333,1.073256464650032,-0.8576476030285743
85,0.722769054341059,1.6073128145686986,0.3868343133159649,1.0960130893019129,0,0.9728342789666893,0.1,11.53017084883222,8.97113361298065,4.805130388859955,0.24067212649933423,0.17466610825393744,-0.9706946506317717,-0.3600972024451309,-0.41747895944246644
86,0.8100866288016517,6.7608681497266,0.40162169285404126,5.214620588186724,0,1.1472798969333726,0.1,6.789666027773469,10.458906507465988,5.191386136783334,0.22169618541801356,0.5784007829491652,-0.5964368178052523,-0.49645433549139867,-0.13146206146621126
87,1.289065557818002,6.363707580828005,0.39089714449002505,9.4185274499817,0,1.1561070917380056,0.1,7.644889919585646,12.25026200240252,6.234912121475693,0.2550684145110623,1.2909215139748056,0.06406246885850891,-0.2566484959290703,0.6412541161025752
88,1.358873890017947,2.2255238713205805,0.4228268957324765,5.479399850127167,0,1.154065692003139,0.1,10.023551943252194,11.844375860190908,6.084566968026367,0.31608540006204083,1.0435461241519854,-0.16525193758823184,0.1818067659839754,0.5299256643021106
89,1.1008254580228984,2.522877728245716,0.33746699192170737,12.13330348325323,0,0.7656441068548185,0.1,10.297394507415753,12.234126476252788,6.434420018427353,0.28190072353078854,2.637130030406161,1.3119837237582395,-0.06383715048581495,0.7889868815427409
90,1.064623535933499,6.765267094814759,0.4557798471496013,6.6748101808778415,0,0.9780310609020887,0.1,9.565789184610491,11.311714835108944,6.602803921562361,0.22350205682589191,0.696786669938228,-0.48669433523246264,-0.48347772227505,0.9136727714038876
91,1.1029886968667657,4.419985882753151,0.3713636598688266,3.8869116390079075,0,0.674448476314464,0.1,11.135566709599138,10.589846696341766,7.191092914982991,0.23954617655303517,0.6009598761009197,-0.5755247737261039,-0.36818804262918214,1.349292419567984
92,0.8963273440180671,3.2111397561382877,0.4645430012352456,11.151053212324872,0,1.072993591982535,0.1,8.26126153703721,10.69428526459084,4.800624975439591,0.23775575568942642,1.501685921221108,0.2594388762788337,-0.3810536314746404,-0.42081515412052894
93,0.87730096155388,3.7992657488506394,0.3230464259561868,5.27774415272051,0,1.0055615684263224,0.1,5.327957503743346,9.567624945071614,4.355911991672978,0.2760636913674458,1.0894666796933468,-0.12268406151448806,-0.10578083949082306,-0.7501188053685179
94,0.6979064437871778,2.633259692067164,0.41004158577638616,6.827321506533922,0,1.0052179493377829,0.1,8.897796572746643,9.72161241158024,4.654066426599404,0.22887337583188172,0.9466741876297057,-0.25505121245087503,-0.4448805503511411,-0.5293396789632949
95,0.8832397649849778,4.501463679936372,0.25904150922246594,8.017177193932833,0,0.986230525443731,0.1,7.619289671543098,11.585707754684675,6.115349450652173,0.2551806002278432,1.4254362022575788,0.18875618202062142,-0.2558423528954559,0.5527196556924662
96,1.5779840959878784,5.351630934338696,0.22492009948406447,10.700102041324461,0,1.1303371401096638,0.1,10.636812879204648,16.561290021257904,9.581954756590655,0.3373227607127154,2.357986704228592,1.053220771623729,0.3344139857990814,3.119691672143175
97,1.1607117987761477,4.092689534429202,0.4794507174636696,2.6179835730118937,0,0.9706893291847472,0.1,5.943685589118397,8.935369762430975,4.486650646122855,0.2712144223892597,0.46596179956913214,-0.7006665827537164,-0.1406266693973334,-0.6533086877395087
98,0.797364892971941,5.923998007231185,0.3112513234669473,10.922506743730217,0,1.1033114178905705,0.1,9.416891019182899,12.580718839361433,6.824049900619621,0.2220632505462184,1.2434232671795291,0.02003208944638984,-0.4938166824596583,1.0775022780452486
99,0.7584220043599436,1.6792632103658653,0.21370955528086077,7.171646095722859,0,1.055359801828205,0.1,4.080585202926278,11.712326384912052,3.6433285225084013,0.5649311424746795,3.7475586550908293,2.3413394779964296,1.9699600839534839,-1.2777767483126854
100,0.6406530025242763,4.621917843147472,0.3855360537433607,4.580555362941386,0,1.0356815833034376,0.1,7.064500937617728,9.541100002834307,4.736078218723843,0.21919485926093607,0.5622954508967151,-0.6113662926526915,-0.5144283406872974,-0.4686111111503481
101,1.0123111049212725,6.937613783832787,0.4799783676101388,4.190564213075999,0,1.0462595495440608,0.1,6.76880103040565,9.917052079017353,5.148367436029012,0.22782979975761733,0.48364644481209734,-0.684273101049589,-0.4523794691658947,-0.163316798673023
102,1.0174637080507742,1.894474299205339,0.43070269963426455,12.27225996474595,0,1.011070648718814,0.1,4.754906861604827,11.356102468807782,3.555751658577719,0.37238197336777057,3.656068215354807,2.256528794530124,0.5863421354500415,-1.3426261727953244
103,0.4670635028997186,3.97021639837466,0.4961741339091062,11.838498050614508,0,0.8906274459257042,0.1,10.566975530238402,9.783601071016344,4.972074514883003,0.20649435584180326,1.1490167724305251,-0.06748174660492828,-0.6056914947546341,-0.2938592040933729
104,1.0459005591725108,4.780871706650462,0.48053507824495456,6.8200418146685475,0,1.0716219573645867,0.1,10.614949407089359,11.388588322648923,6.281693867468624,0.226642746750508,0.7204066257219522,-0.4647988825573909,-0.46090938313062096,0.6758953348876622
105,0.7291583188444509,3.0251765212707946,0.33666004369521707,4.329609222555774,0,1.0713328391012586,0.1,6.003089708850652,9.37270435242023,4.2365825844282,0.25231088423609827,0.750790411586995,-0.4366334299380438,-0.2764635301859229,-0.8384805374100228
106,1.3280163469946509,6.787703915514882,0.27017292417918054,12.173481206505762,0,0.9856115692584183,0.1,9.692563868733798,14.378919881077007,8.340599021360696,0.26464662513310233,1.9958745826826394,0.7175466114780702,-0.1878214831059578,2.2004853727305447
107,0.9470531951112552,3.9124624461527313,0.2195715451085479,0.20426207538035146,0,1.0730710135869024,0.1,11.21668651887667,12.757239546815619,8.331549830019538,0.25697310796889206,0.033405662448471804,-1.1016416106647948,-0.24296176818636545,2.1937845750064815
108,1.4153190148980705,3.8721921179063887,0.28163711665980723,0.6115656681351209,0,1.0898928974183881,0.1,8.640685764029229,11.944539834394652,7.342183441208106,0.3432090330273112,0.14278480351299316,-1.0002482876312064,0.37671150420453187,1.461172809327465
109,0.7625619621341972,6.415982226558236,0.38964564272050806,6.082586294460174,0,0.8718469454890201,0.1,6.950117884850574,9.571013210882516,5.209454629730016,0.22028968037168323,0.7741707991964201,-0.41496005446205114,-0.5065611857872979,-0.11808259894299976
110,0.8136048400437655,1.095462467466639,0.47326739778926125,7.337388863748578,0,0.9857864502140907,0.1,9.458411508573189,9.257505180021525,3.745677448285909,0.2753091803733471,1.4686819308792534,0.2288445214360296,-0.11120259726116417,-1.201988821739508
111,0.9899425056809699,6.213310953859967,0.2005123634126767,0.08184779538735615,0,0.955675140794564,0.1,7.163826358143408,10.503147567635116,6.562229045796543,0.2790154478175886,0.0182179586603177,-1.1157204536813292,-0.08457013667153046,0.8836276519080518
112,1.2167844897493616,1.7744404047265205,0.4452453408686659,2.3436860424876595,0,0.9094839912567523,0.1,8.571595946740588,9.34596014557915,5.035457028331562,0.3292648294255026,0.5725671522205806,-0.6018445326507467,0.2765113814486843,-0.24692535267508597
113,1.0697647465882218,3.275010509358378,0.4293394380110926,1.0775577833058811,0,1.0322314404326258,0.1,9.291120704450114,10.040336668412445,5.653467313906773,0.25132493028621555,0.15794359277516973,-0.9861962480786989,-0.28354838849916836,0.2107024904002886
114,0.5299428168817311,3.930737022585893,0.40729476357638994,3.1225291440052234,0,0.9156822387544427,0.1,6.343113803388092,8.176312090082764,3.9974969600384287,0.2160402303147698,0.4160861750265647,-0.7469007665435068,-0.5370968427173461,-1.015520048165067
115,0.9548702104844301,3.8593521814939513,0.2383631489684661,2.285960405734791,0,0.9565617797200157,0.1,9.298425883908859,11.54184629612569,7.181489037785907,0.26645962203479173,0.4341101394597212,-0.7301927394888885,-0.17479366758541515,1.342180884842034
116,0.9066734215621681,1.2364513490087077,0.2159766717983338,1.5535462791572738,0,1.0245398844670892,0.1,8.062871490176374,10.713815801734981,5.916794749226713,0.45419594489831505,0.5988615146399119,-0.577469932916298,1.1742401771453523,0.40569271800770473
117,0.7712794219332023,2.9026427643657167,0.4210262655668921,1.6182378147482384,0,1.0349850113668058,0.1,8.744872863103456,9.279159943612575,4.8185034741991775,0.23195093428289587,0.22071642394617327,-0.9280064882514575,-0.42276586073631667,-0.40757637959566795
118,0.705568412132292,3.1407681422040756,0.39242277246047935,4.642401805880551,0,1.0321546192646351,0.1,6.312011435580079,9.044483493472532,4.098925103206854,0.2374441616257116,0.716939913207137,-0.46801248890370417,-0.3832926810701417,-0.9404139480423077
119,1.4242731718045933,6.737075961183665,0.3109694221845439,1.6092177670795613,0,1.2233908228769614,0.1,9.966530843009934,13.517837877519156,8.306223675310084,0.26210569429947506,0.2180509107012265,-0.9304773912304429,-0.20608007920179713,2.175030916979102
120,0.782884055591531,6.501912249871546,0.30365242002894194,9.667773444527729,0,0.9496312814651124,0.1,5.194496232825118,10.03352273338025,4.511767960025707,0.2385179507311938,1.6232296474940937,0.3721086429341896,-0.375576657749222,-0.6347096733646735
121,0.6462232088616576,4.5060918051795875,0.20979300935564044,5.0347849205631565,0,1.0250186167255908,0.1,7.846342714123537,11.17447624903829,6.168935607881985,0.23456277204021928,0.8054661742539435,-0.38594956816838955,-0.4039977423571345,0.5923994444017313
122,1.091133849843732,6.600206229623886,0.49803028047257314,1.4603140498173932,0,0.8794156005289172,0.1,8.25374839750343,9.608392358589382,5.82239700187015,0.22674044893881698,0.1683329546035635,-0.9765654180161575,-0.4602073156951738,0.3357925261787762
123,0.939186893178676,6.182274420066786,0.45099264562502095,8.1418729423027,0,1.0481355837988284,0.1,4.065529549315374,9.144219307642771,3.51283137865421,0.2504238606978219,1.3388455937932477,0.10848759104201929,-0.2900232855923873,-1.3744080307741207
124,0.8772558401082247,3.254336206699156,0.49225722888136564,9.852300599502641,0,1.1153453618111302,0.1,10.378140520409461,10.937397597744107,5.263138702000549,0.22672912922692112,1.1128774484990374,-0.10098252298640777,-0.46028865677092934,-0.07833030553610171
125,1.1343905433151478,1.7018011063340237,0.44541124229282136,4.495672954119129,0,1.1213860098153154,0.1,8.43583960818696,10.31484578493486,4.7890011430193065,0.3180930688328092,0.9403006026542923,-0.2609594592519073,0.19623345272985587,-0.42942243701358557
126,1.0465876247678056,4.642825281400992,0.3376558738234522,0.07668261492638495,0,0.9364188323256485,0.1,4.631030539812776,8.005608134609616,4.140490762815873,0.3072163161019179,0.019442042491149027,-1.114585740736322,0.11807538863798116,-0.9096351671759401
127,1.008657000285328,2.93805663518935,0.4535494389352358,8.127100082760965,0,0.9720535758018208,0.1,10.790956561224377,10.782083320495238,5.678067510986123,0.24072388649734774,1.1158015063018314,-0.09827195189870203,-0.35972526595432086,0.22891858710841093
128,1.1892601453174227,1.0584550174697829,0.2595072487452087,9.424874000352993,0,1.1262388233224212,0.1,9.681746251873486,15.188310467799193,6.742090119460169,0.5432960743906596,3.8412650550493397,2.428204333478365,1.814495021928089,1.0168122236135164
129,0.9850909271504371,6.8870761127472235,0.40174239746280743,11.116139987150975,0,0.9906628657259761,0.1,11.317808937477057,12.749172064310741,7.598388057227584,0.2190874547570751,1.0881325441792526,-0.12392079122213252,-0.5152001269275673,1.650888690359804
130,0.7149234152728582,6.815656572693995,0.2711658035477388,8.914392909556684,0,1.0958674406234297,0.1,9.455442708958044,12.69047859498488,7.213172943210057,0.21780994019181654,0.993835889281103,-0.21133280687724673,-0.5243800786778909,1.3656423670177922
131,0.791315331474083,4.220838674674454,0.317743239906915,7.46056046060972,0,0.9027577799505749,0.1,8.027902999459892,10.535430648064397,5.671270771403554,0.2346680636292809,1.153128756858543,-0.06366997992472397,-0.40324113907949993,0.22388569793534305
132,0.7437082994087063,4.709114213316747,0.4615040296562702,4.2885536895474985,0,1.1383369479808614,0.1,10.323227453554328,10.846126761075299,5.785456748038596,0.21474204054965904,0.40732222111325805,-0.7550248604204116,-0.5464253621178812,0.3084387926274704
133,0.9629166170929802,5.013200810566218,0.3274853264786279,3.0479241704967435,0,1.1027247879515623,0.1,6.867784973649538,10.478076238651285,5.495911585341786,0.2513442179072337,0.47126550150325075,-0.6957501063739765,-0.2834097916994603,0.09403471008939071
134,0.5766045317247883,6.5592322542643045,0.46811481320053794,0.8109324214213245,0,1.0464045522258993,0.1,7.484802342488779,9.324312535915656,4.962256195684962,0.2089703586449863,0.07643813132709737,-1.0617509608070717,-0.5878994578691008,-0.30112953007677185
135,0.3502722099814271,3.805052068175666,0.37986781300635863,10.241295366744385,0,0.9201464089689524,0.1,6.8488878487066955,8.994767123189254,3.978130923017467,0.20724654576329543,1.236050564295978,0.013197670764480498,-0.6002864157252765,-1.0298603236550967
136,0.9264464773795187,4.497269058727732,0.2881238423678723,7.003798514954771,0,0.9840289521487062,0.1,6.608461369607884,10.78800398483432,5.428990737617973,0.26410575833778505,1.3228974386215235,0.09370381752378919,-0.19170803846852616,0.0444807723711529
137,0.49904383501329175,2.359237939022621,0.2781070894418648,3.5987028420751273,0,1.0151260957770574,0.1,11.547009620994142,10.301467037364292,5.656963210514529,0.21858910764549053,0.4839994437415351,-0.6839458747234847,-0.5187811447599031,0.21329115220991027
138,0.3144065704364625,2.4543894550302,0.20101221756400553,1.5581227105367745,0,1.0263412063305195,0.1,8.05144216941084,9.170337917787105,4.73350491430286,0.21409244547560186,0.23146817816216692,-0.9180397242250612,-0.5510932160893823,-0.4705166065429604
139,1.0119992351450064,4.132673168335543,0.3716294125795825,3.6045187182159424,0,0.9895221116547372,0.1,8.059975374665779,10.334583393350032,5.71863631335065,0.24979454275964771,0.5578586333804338,-0.6154791762179777,-0.2945454323178792,0.2589592093368097
140,0.6866840411629378,2.3752297084614105,0.4515708703659982,9.472293715073071,0,0.978156225733535,0.1,7.02831037921365,9.279742557249783,3.7940215147434584,0.2356112863571213,1.473096139572185,0.23293644685786194,-0.39646333836641673,-1.1661907268293732
141,1.0488376266717228,1.181516712580365,0.2674155417011145,2.6973827948785956,0,1.0192455651706922,0.1,6.621503688289214,10.671409040845012,5.188684971671777,0.5661640354558424,1.3057418084904668,0.07780072731121469,1.9788193943583694,-0.13346223588505854
142,0.7407438744226083,3.2104477568880823,0.3437729273516831,0.6512835775383432,0,1.1395559974923164,0.1,5.847530748319556,8.966255842938263,4.200862278147293,0.25133694602286577,0.10716957482170586,-1.0332632331908964,-0.2834620459354957,-0.8649309171186859
143,0.563411283538326,5.499670864819316,0.495168821437775,4.750596815202231,0,0.799211890583041,0.1,11.593125767757169,9.781509361812864,6.058680454120353,0.20656465490309667,0.4259813453603473,-0.7377280468424647,-0.6051863404430384,0.5107570682446451
144,0.5269447458431953,2.662421096773093,0.3180162058755813,4.197623426668246,0,0.8628127401388622,0.1,9.86043489578216,9.292974349456264,5.134104439744174,0.21890180916603783,0.6076189491566415,-0.5693518824520283,-0.5165341372118553,-0.17387834494170276
145,0.7455218331888867,6.176223630928485,0.4815340497235826,8.712995192466906,0,0.8455126654686038,0.1,7.848144716319761,9.629282663620634,5.194691937249418,0.21446973797101213,0.9525400644968018,-0.24961360577128067,-0.5483820713417493,-0.12901416315085582
146,0.817985158126266,5.215014308399223,0.44797721445295197,6.950010012957928,0,0.931302238181223,0.1,8.780180468275159,10.188463098605268,5.5775861077496,0.21948098644555675,0.785668038130777,-0.40430223387651604,-0.5123722907441469,0.15451353446512253
147,0.652961974795142,4.919914654888295,0.34838377432238016,5.90888284624314,0,0.8259739836766485,0.1,10.709053580172878,10.619783798017421,6.5285083599148654,0.2138913611549493,0.687379503395962,-0.49541468050824145,-0.5525381658469324,0.8586579627180225
148,0.8156676261559743,6.35489884541882,0.390609248986705,12.200930597661777,0,1.0553119827790927,0.1,6.959591729109161,11.041359495218614,5.267547260598354,0.2233901699108452,1.4525643035038902,0.21390364895247993,-0.4842817181820661,-0.07506583047917417
149,0.4391693111362576,1.4428661844996373,0.21967493207337058,10.551522197182253,0,1.0095720458836082,0.1,6.256910401329445,10.167882170270742,3.741703344928591,0.25765825390474545,2.2878906418077203,0.9882424528030546,-0.23803845317759179,-1.2049315888584653
150,0.904346683492883,2.0725923970299007,0.35492978180735096,1.6019009849009254,0,0.9746222734095804,0.1,7.817922513609972,9.182607728475965,4.848105474841537,0.28429645644271756,0.3360131599961063,-0.8211276163819732,-0.046621916204928796,-0.38565651835570436
151,0.3619053774598863,6.455621334756331,0.4279800737771794,3.104933237789621,0,0.9318456840272364,0.1,7.681633455081975,9.024206208515798,4.90508930856644,0.20405713213043994,0.2917341638404118,-0.8621737840252991,-0.6232048732189583,-0.3434607984358946
152,0.8418431049137307,6.442224260918744,0.2691099775183582,5.242049530322497,0,1.01568577284299,0.1,10.647122781554891,12.786103720937826,7.998971824419175,0.22334916981582642,0.624388805146691,-0.5538064008448649,-0.48457633626648294,1.9475152832008482
153,1.1091882329338727,1.4696035353909376,0.21544601046785256,0.8940425109431549,0,1.0178249660070675,0.1,11.15581052138726,12.329866514522935,7.859339894803415,0.422182147519472,0.2992267556912508,-0.8552282295210558,0.9441957429960368,1.84411982156215
154,1.227581640673447,5.645389315331327,0.20882035744649788,9.476774539060989,0,1.0330262972728115,0.1,10.87203738196607,15.324164558931768,9.362718152841351,0.27758130288637267,1.729341216999171,0.4704729612102197,-0.09487560138368312,2.957350079391877
156,0.43311370594539234,1.8114133202112759,0.2713300994384588,3.655308419473584,0,1.0649313212898184,0.1,8.223361306049672,9.129491203052492,4.197304212368823,0.2260938721566502,0.572461705524396,-0.6019422806383887,-0.4648534808541356,-0.8675656143166555
157,1.1276175601663456,1.6585634421622617,0.4416205062201639,11.31694273309693,0,0.8531446898603406,0.1,5.397315389432596,11.470911397867145,3.8954574499473744,0.40537644335387807,4.062875188478407,2.6336346159582336,0.8234334772921311,-1.0910788568149503
158,1.261884658234754,2.763973466910296,0.33773436198283485,6.906050904699708,0,1.1249436227739253,0.1,11.45042182667787,13.097408985059445,7.3055399347448375,0.28876517441121574,1.1920945592189063,-0.02754908751748982,-0.014510646046287167,1.4340388129896915
159,1.1941670954513899,3.3296105238616596,0.3606675132369336,2.795170479862466,0,0.6923279135135785,0.1,10.833513474324302,10.361720601374527,6.955148999151886,0.2650671882156973,0.5372599481683283,-0.6345739425824912,-0.18479940499336284,1.1745792994003328
160,0.6212028554681284,6.46524318562517,0.2939303174260454,7.7686752801378915,0,0.9406348210951448,0.1,8.20891791184079,10.95679794516022,6.1582971661293815,0.2149913799825838,0.93596149465026,-0.26498176711836735,-0.5446336612434265,0.5845218293092969
161,1.0235390493347938,3.618386876637732,0.2896484984078665,8.407117608538297,0,0.8797707968850766,0.1,10.033288785582524,12.195387974060617,7.06151043164595,0.2601400384755175,1.51479435487436,0.2715902575653674,-0.220204869722695,1.2533384302348018
162,1.4580167016681436,1.7430944643615371,0.36604564769601156,8.96935834832615,0,1.0789744035870783,0.1,11.1930450430104,13.61651718540516,6.946345695440833,0.37920783628059307,2.254273875616014,0.9570800611381789,0.6353913548468876,1.1680605779756932
163,0.4508179072930215,2.6340924829044017,0.42373670397149643,12.141795191766818,0,0.8514847177988363,0.1,6.436116401502656,8.715034384095526,3.415038370128231,0.2159623335658615,1.7940571427719512,0.5304639494684519,-0.5376565924187833,-1.4468223652992198
164,1.0429013100771756,1.0382609686076956,0.2542070498653525,11.420545761531777,0,1.1821843622905868,0.1,8.590244229673107,15.12496490339165,5.972803031635787,0.5114172938350262,4.323424422593517,2.8751610386717172,1.5854207903551298,0.4471660560272575
165,1.2336871456977245,1.1682964173771377,0.33039483497701955,5.165954767230907,0,0.8455413853533185,0.1,11.672376710734067,11.681002911179977,6.478830898701945,0.4006258881748456,1.7200064710647582,0.46181974908263423,0.7892969840444466,0.8218725079206644
166,0.6910226953024189,3.5864099287385693,0.39322608568715955,5.397820630219829,0,1.202845992569003,0.1,5.787254128208462,9.63149178463077,3.9758088066519397,0.23453918549884706,0.7442990077028198,-0.4426508936387454,-0.4041672302969531,-1.0315798178585585
167,1.0748910909857865,4.073129609150657,0.4880281641646994,0.2931578808312074,0,1.0448006632144,0.1,5.200988715520403,8.328886858951117,3.9984701405872216,0.2692947817935431,0.05121406550629588,-1.0851334067569842,-0.1544208041382348,-1.0147994217841443
168,0.5787322476015389,2.4997694996746,0.2808211060656514,5.218737462465213,0,1.0030719163133373,0.1,11.594104576156077,10.80436198662119,5.968316239611331,0.22339166405001917,0.7237580817565101,-0.4616921177662472,-0.48427098161130727,0.44384365022851197
169,0.6563374255704784,3.2793545001547555,0.31785921280278656,2.2143582185465043,0,1.0435786135181215,0.1,11.0072762996496,10.68724648084505,6.137057084267792,0.22165542343899536,0.2758749425047724,-0.8768751168049843,-0.4967472425241722,0.5687938502190839
170,0.6548759259513458,1.620213836149236,0.3707906887947644,1.5021035012965422,0,1.2192578645373078,0.1,4.349576545792137,8.215895610043212,2.913420392367542,0.30126544599063354,0.32544375952643895,-0.8309253403873224,0.0753136840127375,-1.8182633567655653
171,0.9576923096456756,4.952929370646771,0.24256926652552951,10.198072154766313,0,1.089308005198308,0.1,8.64024293622302,13.166228415188684,7.044289505405933,0.25587791364855855,1.6647068889895196,0.41055761322741113,-0.25083160489218426,1.2405865788256556
172,0.8727056201901696,3.3556334228059432,0.38347489151468517,0.27266449628543243,0,0.7766619176367398,0.1,9.164330965480787,8.804409939693349,5.553754206135546,0.23764366114116528,0.04400806301084417,-1.0918132959176714,-0.3818591193903913,0.1368663496421819
173,1.1862345623166195,1.9691535968479543,0.4923371740458681,1.6132206114418193,0,1.1194224558598072,0.1,9.734890739415594,9.906279006270303,5.051364964564076,0.28582314331157854,0.27722421826699895,-0.8756243522452213,-0.035651464536411145,-0.2351457517270366
174,0.6179162657283175,3.9843617877173183,0.28202607752695247,8.30455759935212,0,1.023177669430293,0.1,8.930129604073985,11.188997310055065,5.8899272973878904,0.22229884624224752,1.1063593349460028,-0.10702474627158232,-0.4921237411962501,0.38579775133657873
175,0.8606173049722503,2.250249038517639,0.3441744675811269,7.089812781261225,0,0.8382977403936046,0.1,8.500029414327209,10.026445520140864,5.1107138785435,0.2658799954946417,1.462540680022946,0.2231516459403574,-0.17895874234580145,-0.19119872345388933
176,1.188322939084052,2.7527756677977155,0.23529147943901957,5.362862110846151,0,1.0760482772040265,0.1,8.86001787376841,13.119896117905434,7.268726321130073,0.36533171627193184,1.4469766879592543,0.2087239876167727,0.5356804665131579,1.406778854721109
177,1.0682331516704837,1.745022597168507,0.35541807547463933,10.094775474178768,0,0.8788892408241678,0.1,8.957288174818814,11.630622315382013,5.431745209792901,0.3224409536299269,2.583320142292442,1.262102518669079,0.22747644105964288,0.04652041991366944
178,0.5026075993256307,5.684382946988603,0.4914730755060326,2.976578434005085,0,1.0181193100285153,0.1,4.7383567306997945,7.888092045831911,3.373406452849978,0.21135149016441063,0.34220835286787205,-0.8153847372005413,-0.5707891461326035,-1.4776502090290484
179,1.0995611054873133,2.675891369654026,0.3627128779290506,2.5827436690944294,0,1.023324293610386,0.1,5.391757008788202,9.29028987194571,4.387118082804093,0.3543443976241065,0.7098746147000735,-0.4745619469345808,0.45672789892967,-0.7270111378936084
180,0.7564746360586303,6.7340599354322865,0.2640504356868028,6.421035254821863,0,0.9351602085026811,0.1,6.289062249874116,10.25560330152067,5.396225165124963,0.23250209562542135,1.0187373023849826,-0.1882494566309221,-0.4188053309164446,0.020218331086458267
181,1.0156159613683946,3.4325914653811367,0.29322717200779935,1.3331657874767298,0,1.0647565211307715,0.1,11.4233060592944,12.029387979178281,7.468453969208457,0.25321829927472794,0.20190792544673888,-0.9454417702034794,-0.26994303601805214,1.5546743427509844
182,0.9902041245068725,1.9311669500926751,0.38792223189329644,8.613478597937986,0,0.8978398171751506,0.1,7.73614208608433,10.444481548557274,4.743035094234298,0.300483120534003,2.010087185622374,0.7307215461776082,0.06969205734778854,-0.4634596435960011
183,1.2657956651905886,5.23127781396056,0.45710703134370984,11.687651197279257,0,1.0191182179296823,0.1,8.909257256139622,11.93990071772904,6.250541662693352,0.2454457192131228,1.5128861833169593,0.2698214024322949,-0.3257951663040352,0.6528275694942736
184,0.9349679819206106,5.4013488895519846,0.33603130746796056,10.142801039084809,0,0.9452684820268468,0.1,11.74735671595704,12.810558509309242,7.749743543929154,0.2245881471515864,1.1797410372727009,-0.03900067352469075,-0.4756733049654511,1.7629652795906694
185,0.34385823854768816,6.287917876140285,0.34703603653728715,11.01510758950157,0,0.9817334374330252,0.1,4.8034683695869065,8.996287587969418,3.657373024546624,0.2067758808244626,1.3119808136906925,0.08358422006420278,-0.603668515269621,-1.2673769939318378
186,0.4890420843062417,1.7890748555790503,0.44280659612727236,0.9118865255679274,0,1.1922890896564589,0.1,5.540014098117742,7.8027867587399475,2.799485428507035,0.23051314837383557,0.13414497160707728,-1.008257321701749,-0.43309748875168674,-1.902630580061575
187,1.1193463156282173,5.739315754465942,0.23158811518779046,5.30042924159892,0,1.0112044442862154,0.1,6.251055105429285,11.314556805308198,5.81246622051982,0.3159248302176961,1.3572728076435185,0.1255694261007475,0.1806529447566272,0.32843892356814197
188,0.8225051000287167,6.158554524769903,0.485373682648026,11.286751645135244,0,0.8912627531780412,0.1,11.352792764244299,11.330356909132455,6.631401208264333,0.21237756063890348,1.0339046881559582,-0.17418944820441232,-0.5634160188865985,0.9348486562341067
189,1.241393718028219,2.8271097711752997,0.33942951842394975,10.517046667529408,0,0.9882769831249851,0.1,9.744164275968824,12.87090947419516,6.69065651779701,0.30008968954958903,2.1271450238982093,0.8392329414436764,0.06686494480267909,0.9787263717432649
190,0.9820316453793072,3.7268930896672834,0.29949495747792326,7.422400139312895,0,0.9230736590964008,0.1,5.044431684275284,10.242797457037982,4.408669261746559,0.32059855713896124,2.0418335589058207,0.7601501031231654,0.21423736625613385,-0.7110527958314005
191,0.6752802792163421,4.717851754251466,0.4335634684210799,8.18022814655483,0,1.002648774832809,0.1,4.567713288267397,8.779861280436497,3.4595327562242573,0.2293364897413391,1.2097334248810043,-0.011198043007383597,-0.4415527109203147,-1.413874904045989
192,1.2247220279169644,2.4730788599070275,0.27694178715117374,3.325144075502276,0,1.016192528749165,0.1,5.359661297890783,10.656289548286539,4.906584833614221,0.5385115606017479,1.584934599675658,0.3366095329919118,1.7801145092314856,-0.34235338336877474
193,0.6577806955412517,6.22813551778955,0.24393098852985143,3.3154048545798567,0,1.0084981480471134,0.1,11.324762618828519,12.671119368841739,8.163869979245531,0.21523746393006296,0.3732567974077545,-0.7866031529214536,-0.5428653536046556,2.069620025923793
194,0.2842093475173968,5.195165529466521,0.2774365048761641,0.8338957611499637,0,1.0083810575117755,0.1,7.3685413910986,9.189253921014698,4.9633492954247425,0.20462570100855165,0.09238039554285525,-1.0469726481435846,-0.6191192564990075,-0.30032010523731856
195,1.5191386653188546,6.14009827521599,0.40175926093725456,11.274130348076511,0,0.9455540398772054,0.1,10.9579093186431,13.474959522014942,8.10554679991686,0.25250657169141716,1.4871965625892598,0.24600739193903737,-0.27505736117084995,2.0264325395980016
196,0.32677533671334125,3.6994902995113765,0.2302003940646971,3.6123582558659857,0,1.0449202782246667,0.1,10.77293929009972,10.93799594691609,6.245518298340631,0.20684221593406027,0.4127965356767916,-0.7499502279125516,-0.6031918450836058,0.6491078395037317
197,1.0909238576937956,4.113990177596538,0.33539272182074215,12.406269682192399,0,1.1057357526649139,0.1,11.731742107790897,13.731886572288614,7.595724487010403,0.24357920946083647,1.6132190746185546,0.3628289462804915,-0.33920751394645055,1.6489163544265373
198,1.181655530687602,2.1655266701806974,0.27066779643924255,0.08534520933024953,0,0.937954550010361,0.1,8.338127691106667,10.353111047470746,6.474270245984408,0.3873147572644664,0.027022601444893473,-1.1075586416451089,0.6936459888835497,0.8184954093272324
199,0.9441197589304776,2.8841462895751784,0.36370344973062174,9.989042143496814,0,0.9941599704992545,0.1,6.18704330406827,10.695497447389705,4.534529151468948,0.2849013925336976,2.0843284139237395,0.7995423905388774,-0.04227497232010324,-0.6178553342232123
200,0.3949809469085734,5.377072957119525,0.24148413253316803,6.572514627763435,0,1.0060698034743174,0.1,8.115380024383738,10.700432374262755,5.794649853367677,0.20882421135867943,0.7815033069978089,-0.408162896202105,-0.5889496416190343,0.3152461566165602
201,1.204504480638267,6.7540466690063194,0.43218988008068904,0.5252659337436572,0,1.1253749275178513,0.1,11.14603267836221,12.271365915110371,7.61845485417801,0.2272837930006097,0.051411350860957016,-1.084950525290735,-0.4563029592152362,1.6657478686294789
202,0.4675368850084605,1.9126172105255808,0.47717376974161063,8.289874093017954,0,1.1079337400833273,0.1,11.583826925456963,9.50513142036788,4.062702950436744,0.21166042568586274,0.910693509597825,-0.2884049257379631,-0.5685692002642623,-0.9672359379519154
203,0.4969114305328601,1.3038611663992141,0.2958077653244711,8.78072250654452,0,0.9269951923890787,0.1,7.181615672995118,9.24096744509331,3.588084975621275,0.25074010537494945,1.844901699915719,0.5775963236743962,-0.28775081766421157,-1.3186838105345684
204,0.7914995062005101,1.4047160447177505,0.30634356986705663,8.745202615914828,0,1.0072354514500867,0.1,7.897041866076859,10.886191926726207,4.615751406112417,0.3096730188242039,2.1414987148134443,0.8525386632250735,0.1357287391897296,-0.557711407706497
205,1.136551372235099,3.612830612931807,0.3794255719916959,8.699135514665262,0,0.8506017718178414,0.1,10.382994204002948,11.533146325197823,6.62773817650943,0.2536980627518907,1.4030010614170274,0.1679590404412391,-0.26649555628538046,0.9321362332207054
206,0.9900341717192381,5.756027663901479,0.4216455016160975,8.477072001229015,0,0.9034509462247531,0.1,7.175763460178544,10.249973927122806,5.366178451479037,0.23419602334571762,1.1699916907447574,-0.04803821607854066,-0.4066331215626451,-0.0020308338194147024
208,0.7669068508358869,3.862792428371108,0.40243345856411583,4.751317561031682,0,1.06299378991594,0.1,6.234967663427572,9.354936742855624,4.314266100757101,0.23594823498146128,0.6886954824347632,-0.4941947816638366,-0.3940420962155276,-0.7809569963786347
209,0.848345014033212,4.092413101980832,0.4442744733781291,11.97139809522211,0,1.095439528536503,0.1,7.840950213936742,10.92324031088375,4.961310716534907,0.2296366468864574,1.4801714802028323,0.2394952138325697,-0.4393958446233397,-0.301829643965183
210,0.5588589635504403,6.026214388463012,0.4377563627386863,6.0349283108834095,0,0.9689201041222989,0.1,5.906861057979658,8.863103360272145,4.200033657232116,0.2120477690759354,0.6873892865508344,-0.49540561162570484,-0.5657858318954218,-0.8655444991431118
211,0.8049403640331972,1.9841992419003005,0.33158041458740867,3.347748815215326,0,0.8647055845383318,0.1,10.11701576736873,9.579992535406491,5.38352840603789,0.25581748370310686,0.6376417912152751,-0.5415210209768797,-0.2512658418070557,0.010816561228118464
212,1.0779384455429688,1.0883116364845582,0.4468311305891869,12.410602941670012,0,1.0396887252857596,0.1,9.33769194968513,11.880642468486178,4.495848246214206,0.34762686709331325,3.126039321128933,1.7651975373420796,0.4084571333110199,-0.6464979954427659
213,0.810051583807464,4.039930193953857,0.36412300516689156,3.4940106008651024,0,0.9826959419831094,0.1,11.461298974145674,11.064392598227,6.621468309626088,0.22278110368244294,0.41214052066847534,-0.7505583469835713,-0.48865834036825045,0.9274934858018284
214,1.0426378664443845,3.131475500683604,0.2560175266246719,5.509342366051304,0,1.0423960111306072,0.1,9.974430434997583,12.619348589223602,7.285127396069717,0.2838162269003105,1.0646371486314565,-0.14570077785755828,-0.05007274498470443,1.418923617881096
215,0.7280177245351442,2.7529922551407164,0.28572105170146445,8.721725495326162,0,1.016012416904865,0.1,7.626486423289143,10.85206298191164,5.127320680533132,0.25260493185983324,1.5606926337590483,0.31413748341070213,-0.2743505656283423,-0.17890162233392679
216,0.7222825221630746,5.633422584739503,0.377820787523251,9.976741119656072,0,1.0715728303216137,0.1,5.461158822028054,10.013702581770785,4.282024964264404,0.22728195508366963,1.3453862962199254,0.11455075397747791,-0.4563161661009263,-0.8048311002500922
217,0.9117505949182749,5.100802428283133,0.3657424410310656,3.958117206837164,0,1.0654629283445054,0.1,5.882454482138988,9.696946741295543,4.719299602799078,0.24715102926064175,0.6157954251184443,-0.5617723745092625,-0.31354116593387305,-0.48103543805017257
218,0.8415355491575129,1.5036228860803733,0.44065048162865994,0.44084382113774717,0,1.084359899089187,0.1,11.094912098407843,9.094218884239023,4.58668843797017,0.25383402858784465,0.07009084991210575,-1.0676348244819172,-0.2655185343024672,-0.5792321230323363
219,1.0777155727804373,4.288620176358201,0.41446804476760385,7.225646859252993,0,0.9540840992191382,0.1,9.08474477949919,10.954281037861398,6.024534637065285,0.24273672373437616,1.01341000391956,-0.19318780674908873,-0.34526143969380724,0.48547257545596434
220,0.953487072481788,5.787067714663571,0.26391804489870985,7.39983302601872,0,1.0995498088929045,0.1,4.855066597157449,10.622840187137411,4.482451255367964,0.2919588540351404,1.642189696197829,0.38968441034505635,0.008438465964569604,-0.6564182769781449
221,1.4221038886178472,6.458106024851237,0.31921589920953863,9.119559786672212,0,0.949697118692351,0.1,7.998648342703263,12.602408853593198,7.006761274382762,0.28167451422872464,1.6968591044410328,0.4403623816301706,-0.06546264309066893,1.2127974565109945
222,0.8341516486466997,1.0011095141796373,0.43342225424982866,3.262305483122756,0,1.0084937794790063,0.1,10.129858070732107,8.852719205459314,4.027157392591855,0.28866522803706296,0.6915866949514338,-0.49151465781381837,-0.015228839730565534,-0.9935569189244693
223,0.8318242050731097,5.845300592114821,0.33743543827446076,10.259050708173021,0,1.1860591471692827,0.1,10.43826650494714,13.032405506251557,7.137439457966771,0.22026861361922612,1.0507294596076546,-0.15859306053702465,-0.5067125670524134,1.3095627963222847
224,0.5879606808644413,1.2594875659635356,0.2675090776888601,9.674170674863484,0,1.035680247162345,0.1,10.715215461366316,10.937915012278383,4.874348091537808,0.25400541850328867,1.8208459320911956,0.5552968777826597,-0.2642869623133449,-0.36622423323735787
225,0.9068333902257558,5.0927234824634535,0.481128430091103,10.770642336307233,0,0.8833868712301955,0.1,11.288168052088249,11.133375623198715,6.3927645432102285,0.21791964350540977,1.1070635950677032,-0.10637190448361175,-0.5235917736729828,0.7581415934936108
226,1.1048486816016598,4.588042621903413,0.3347226783415934,9.450135092711115,0,1.1490427994588857,0.1,7.858469489229488,12.287626132433232,6.120262361013669,0.26288687654301046,1.4711925735840206,0.23117186103943915,-0.2004666674263994,0.5563575960705324
227,0.6779113075780915,6.712097753439974,0.29261807825630204,8.413957792430644,0,1.1000092228416802,0.1,9.338030327517487,12.303139079053906,6.906210632380963,0.21522959546025067,0.8968915553062222,-0.301199193423406,-0.5429218947785803,1.1383411335449467
228,0.8850983211721116,4.791274553441179,0.35337748118986956,6.926489467557796,0,1.11404735804966,0.1,4.586787123886586,9.744368653658734,3.9225139646847578,0.2664095058670559,1.2656652567753364,0.04065018183630072,-0.17515379185658755,-1.0710438917514133
229,1.1155670280539511,1.4196343845044774,0.2902755075907367,10.718140229839339,0,1.0197207592300146,0.1,9.292762231567943,13.669369630957346,6.149429115807786,0.4018732886212495,3.341057478229504,1.9645171265142483,0.7982605420521018,0.5779551639387062
230,0.8619272552967926,5.02238789888899,0.28111512791769727,2.8245249681293263,0,1.0345824428629657,0.1,8.117025169666912,10.949901391397374,6.291222860054832,0.23972402537402568,0.4203487598906786,-0.7429493948296786,-0.3669100582993406,0.682951418622335
231,0.7442588096555321,2.5295224998920336,0.39845953651957,8.312621616260307,0,0.976699633532719,0.1,5.705077803749066,9.304287574495746,3.73292399020966,0.2570376252283413,1.5645650501552089,0.31772717302386944,-0.24249816069028407,-1.2114325763944225
232,1.191927945234061,5.991663961208456,0.43856999256834384,9.901355653134559,0,0.9300067702535508,0.1,6.023202980082812,10.404382310009177,4.9626114350796895,0.2567856535944925,1.6217437939152857,0.37073127216284824,-0.24430877600856324,-0.3008664803480227
233,0.9291058696668794,1.188772539463621,0.3226495209915516,9.6841740489471,0,1.1529995049116943,0.1,9.661950205265466,12.190005880423788,5.181658270231302,0.3369376492066706,2.2963495905457108,0.9960838100633909,0.33164665528080245,-0.13866540854932316
234,1.0189693517228648,2.944814942629294,0.2482820497273038,1.6202122011262767,0,0.9631639297333296,0.1,5.807192256196292,9.608941241312822,5.114390578512733,0.38076928595835796,0.5418949438667697,-0.6302773499091757,0.6466116047698612,-0.18847617932181318
235,1.2514180350631556,5.058615321880146,0.3427386163670699,3.9232567527921103,0,0.95193018143208,0.1,6.741489369397302,10.447363121672014,5.743680320069288,0.28822913197906486,0.7959620758744064,-0.3947597682464004,-0.01836253454688933,0.27750394078241686
236,1.2435947755408898,1.933808800839902,0.32048022266984993,11.659433017921724,0,0.9556504871192966,0.1,7.015633139211272,13.651131736933182,5.533937057283934,0.43758270817885386,4.194592731172062,2.755735404331129,1.0548609421457964,0.12219203224562615
237,0.7958387452577933,4.877632055534212,0.3307133897471247,9.68214261416316,0,1.1862343258421386,0.1,10.087535354810068,12.583607681760075,6.670016232673185,0.2231303415900657,1.0686541457183358,-0.14197706345195074,-0.48614879000495426,0.9634425336225362
238,0.7423710841581244,5.183348831669134,0.27196279880789553,1.9335630145183051,0,1.0878136001905825,0.1,5.541202086969103,9.458970869853166,4.68588297557446,0.245257881378521,0.3218334935163778,-0.8342720193265853,-0.3271449295908286,-0.5057799761211246
239,0.9852926799996394,5.402665989783211,0.43087921073794117,6.040991299370874,0,0.9632087736061772,0.1,4.633709221410338,8.932571972965649,3.899338315659057,0.25775910472362706,1.0803985628818837,-0.13109011122581843,-0.2373137603431688,-1.0882051308489666
240,0.8601637394283601,6.2520111529064675,0.2606682831620287,10.135226605452822,0,0.9954377555025118,0.1,5.4671809240623706,10.909875224585361,4.901056409725515,0.25655207777778505,1.9270677928497986,0.6537634349004623,-0.24598720284276765,-0.3464471027757906
241,0.3300416042152957,3.478996696311876,0.21159395748247797,10.744039766485898,0,1.0510450634056707,0.1,9.700209463355016,11.526726023103413,5.89059606611511,0.20881947585592756,1.3319497033656196,0.1020951725339942,-0.5889836699486971,0.3862929650851153
242,1.2826085203997664,1.854897840947445,0.41003408937751934,6.499827084327926,0,1.0878467488302166,0.1,4.403799610268574,11.221956764275975,3.830459799822445,0.5665433642360669,2.9401099691326626,1.59284296712962,1.9815451714216354,-1.1392086940132982
243,0.905808398249777,2.561865582346874,0.42275034193261973,1.2680823216572255,0,0.8389509785676327,0.1,8.434741813626179,8.510715096640585,4.829501088507369,0.25193352166344796,0.22541009386268535,-0.9236555051899137,-0.27917517849390655,-0.3994328023247034
244,1.12091338999454,3.338112408655917,0.2716278067888822,2.7418837125101985,0,1.0903783737554702,0.1,8.033397541267831,11.516252621063805,6.4593902578641185,0.3119470050748039,0.5953488681778063,-0.5807261195526967,0.15206912749456442,0.8074769893633361
245,0.5481250307159491,1.3274654210597967,0.2520217760806446,0.30555090695626314,0,0.9781973718702855,0.1,6.993411718990469,8.0915474620984,4.00734226439907,0.27590496786691043,0.071415710218188,-1.066406692795367,-0.10692139327876535,-1.0082297400518494
246,1.286461067627518,5.251292978496087,0.3741593838218685,2.071658739832183,0,0.93139651309258,0.1,6.778569688355227,9.902650155783137,5.680675082818321,0.28045958198056853,0.39638902059449715,-0.7651598232771396,-0.0741928914348261,0.23084945703256138
247,0.723521158181308,1.3780638866447334,0.47588913027511415,0.7640606121147766,0,0.9609683894863505,0.1,8.309369909427073,7.628470586568053,3.5455628015104965,0.2536246451855517,0.13903422711215396,-1.0037250328394003,-0.26702311952023233,-1.3501708768106246
248,0.8676998779580017,1.3462525433707622,0.2761949891635563,8.75007134013668,0,1.0791927387701423,0.1,4.486713500758591,12.24947154173507,3.7573034172649287,0.5428232906565562,4.075397169389573,2.645242361669067,1.8110976971652761,-1.1933799567550392
249,0.47957259908178695,6.594997223330796,0.3620012588590145,8.762076335788201,0,1.1758432351216044,0.1,6.582923398546443,10.477268985610097,4.799732787651054,0.20892722118076307,0.8741632574726246,-0.3222680884779592,-0.5882094346403798,-0.4214758065122709
250,0.8499150789805239,5.837475270045049,0.2793134659314974,5.541444191541041,0,1.0147919692843235,0.1,7.331687152087728,10.981559782928988,5.99102464786481,0.23768656409058186,0.8313672579268855,-0.36193953373027443,-0.38155082779333144,0.4606589041672748
251,0.8310588201927684,2.5220862808817843,0.4224943343588077,11.012069991806177,0,1.0556903738488876,0.1,5.132581906313149,10.074218368249612,3.5668536040285805,0.2766175568785022,2.1846032688254806,0.8924961352496805,-0.10180087808299595,-1.3344053397943176
252,0.8443918382544842,3.050248550837802,0.3401289171810098,1.8285964635792822,0,0.9185975567896302,0.1,8.196987918958428,9.416655524527053,5.325918174216772,0.24945254818592058,0.3163471231517611,-0.8393578274363176,-0.2970029336028467,-0.031842997589469846
253,1.0315514228267457,5.955518198807316,0.31368690470453586,2.425067820445294,0,1.0491344593504617,0.1,6.4753816854059,10.243691835173294,5.543446126680024,0.25703174626670505,0.4037078710914241,-0.7583753251959952,-0.24254040567568796,0.12923336314084993
254,0.9181037543605507,4.715412787950115,0.3968421727424512,7.64258080978407,0,1.0822647171606419,0.1,4.52476121792552,9.596107570987867,3.79273773005934,0.2643429773880186,1.3743109722859586,0.1413636270304414,-0.19000343212224874,-1.1671413511631081
255,1.1927347875285246,2.589505697258052,0.35942586221721057,6.600935783106392,0,0.8511968961792742,0.1,5.024732860935106,10.369994218338908,4.321990062384355,0.416976858735014,2.543216571237456,1.2249269265479086,0.9067916294248124,-0.7752375124445005
256,0.7595525443045842,3.694115175639821,0.2603448052606865,1.5273269972660555,0,0.9487089987588345,0.1,6.622794175452079,9.368972561298815,5.17674389989641,0.25659895143532035,0.2973926663670673,-0.8569284111965518,-0.24565037856988883,-0.14230443001696266
257,0.6011952273856908,6.133357523901398,0.3248636727487406,11.335624574165312,0,1.0790798684104466,0.1,9.294643316220741,11.969742781391686,6.393423449022795,0.2118292821109043,1.1599998587271032,-0.05730054015243099,-0.5673558334058579,0.7586295038938626
258,0.8942680825139815,1.0041481157922914,0.48694805237486777,7.773015585031004,0,0.8241099480786042,0.1,10.401943266100208,9.123063568305689,3.9287020951237817,0.28759508323266453,1.7979216808674912,0.534046335979108,-0.02291867586816665,-1.066461669009208
259,1.0885104108911352,6.954363198726901,0.4403405642205094,7.5994008638738775,0,0.9626100054373312,0.1,7.88975801850065,10.82484993038035,5.96646409996541,0.23008078520186082,0.9079458086656146,-0.290952015845893,-0.4362043598318938,0.44247216711403864
260,1.2733925318903476,4.395601203912879,0.353632581359838,4.663896090225425,0,1.0600697462416764,0.1,4.373700586860076,9.915967973770094,4.076434498906419,0.39317238364869284,1.4992544898969702,0.257184964799159,0.7357376636408842,-0.9570679212458285
261,1.1441764306691815,2.09212046074174,0.39813897546013716,7.577588887344865,0,0.8309439171068723,0.1,8.855894619746081,10.616239387033664,5.410725413929192,0.3052425421823906,1.7817383046769835,0.5190445150296247,0.1038922631848162,0.03095555947766426
262,0.370367799702502,5.801156834563098,0.24271142732979567,0.893853618371715,0,0.9603346581061641,0.1,11.24256495353703,11.413525897931253,7.379792764273204,0.20539086063103082,0.09239450123339352,-1.0469595723155662,-0.6136209799183151,1.4890219791479746
263,1.0131175074180647,1.4571711281645812,0.3239580119040851,3.76509131895449,0,1.0054838193640596,0.1,4.412212391988706,9.80797697544054,3.7575901662343005,0.5733250680796459,1.928451531750002,0.655046146429708,2.0302770730077744,-1.193167623213963
264,1.3381115318763703,3.460000476219202,0.46844491084462303,7.917219470595147,0,1.0890393712446698,0.1,6.7816246648602325,10.978196733836915,5.032555046664021,0.3009669629782145,1.4894842021942156,0.24812800999465814,0.07316884768224656,-0.24907422890280903
265,0.9187729099040041,4.438793579609083,0.25643610261998123,7.483912473152971,0,0.8721263543568905,0.1,4.134856689040789,10.195808484503518,3.859837145499436,0.3540509669641357,2.747465921576521,1.4142639441618343,0.4546193677443111,-1.117455186585945
266,0.745187249957392,2.483166089691867,0.4945764003497416,6.575294241180421,0,1.1109510374765097,0.1,8.618374809517292,9.590006652096728,4.202396169070369,0.229737825282693,0.8438063331203202,-0.350408640755141,-0.43866879788674945,-0.8637950926655591
267,0.9927482558078878,6.311396904625352,0.45443332543782383,0.6636921841744039,0,1.0305675001047279,0.1,4.834293740326343,8.372600987793405,4.049782074603491,0.24495752976686508,0.10054891277100285,-1.0394005178639143,-0.3293031932835601,-0.9768036630791971
268,0.7490274047336715,5.181364231459284,0.4058384294761983,4.020355494343837,0,1.1196845978791476,0.1,11.527493368095918,11.660515203430455,6.706227101082987,0.21402407262010076,0.37554971083087785,-0.784477646091393,-0.5515845290901111,0.9902561676235305
269,1.0917339497712162,1.970968833380282,0.3120872453901583,12.306450364758863,0,1.116322035451363,0.1,7.259078475871145,13.262330315429617,5.3772852271137825,0.37111455114030817,3.3197569465103824,1.9447717557574042,0.5772347051225934,0.006193575864187873
270,0.8961016585627147,1.9155970103725302,0.22762326545096334,11.78988465113293,0,1.0340790723653845,0.1,8.970857861976548,13.602938761569806,6.347243758429924,0.3288664083521163,3.0193787136783445,1.6663242666165687,0.2736484111707224,0.7244340985856252
272,1.0498508245472793,4.428991084674248,0.42229894235298504,0.7970224122183123,0,0.8260552649548365,0.1,6.687409426946751,8.513402505571182,4.969383245843028,0.25368263192264645,0.13979819990880862,-1.0030168380245006,-0.2666064389882334,-0.29585205061170045
273,0.682834594021301,2.1236020607938757,0.32648640939071283,0.9185377830171898,0,0.8649860133551582,0.1,4.092313808821727,6.959607121816113,3.132232170316214,0.30713994116083376,0.26743089807926634,-0.8847026579230871,0.11752657432842034,-1.6562363414887256
274,1.0813893851650402,4.257896056573618,0.44086581008648623,2.6583419380997775,0,0.8994688177592813,0.1,10.933196942689815,10.534332567647366,6.502340854580954,0.23357573768555975,0.3341164420292885,-0.8228858541560267,-0.4110903642325276,0.8392812964972076
275,1.180803510069333,5.916834868739297,0.2647389429199475,10.346961128186376,0,0.9651990876275489,0.1,6.1577915730388835,12.165324008295297,5.676315155093665,0.3066809492833258,2.5282125026914373,1.2110183114856712,0.1142283549547251,0.22762099244682735
276,0.7294632435615707,6.275110124610203,0.4471238390272614,2.5490533928406722,0,1.093323900222637,0.1,5.9868741107518355,9.20759113518479,4.445652834271322,0.21912894707405237,0.28864270002292064,-0.865039538742724,-0.5149019718393839,-0.6836669854027336
277,0.7722616792514608,1.6981020196213519,0.45803347500232494,2.816296826556165,0,0.8216585259037216,0.1,6.879503129168915,7.573230895768882,3.58652291529771,0.2637302090731862,0.6000738768562852,-0.5763460857856468,-0.1944066567251324,-1.319840494028859
278,0.2084450179196377,2.9934245576669216,0.41665914908740664,3.254977167128817,0,0.9680042655133555,0.1,5.472945571832667,7.242792065551317,2.87755278450894,0.2036788185682746,0.39322221898895465,-0.7680954153383776,-0.6259233551381589,-1.8448228112013891
279,1.1710217966896306,3.5042543044540517,0.261204240604508,9.165197923407122,0,0.8678768743545265,0.1,6.498607897111727,12.357668298617428,5.7594595454500315,0.3671886699051293,3.0267012557492916,1.6731121867483296,0.5490241458878744,0.28918823317193426
280,0.723673684815062,3.300504859340798,0.2668674322933894,6.594752414924814,0,0.8442297364172553,0.1,6.248913498587509,9.700158444606847,4.7887778525462545,0.259226625115909,1.434461646391571,0.19712267460497668,-0.22676846656717384,-0.429587780439006
281,0.26329515839019263,3.512973744725148,0.21928831912546992,10.756594210393802,0,1.1476906966467537,0.1,11.79965308227225,12.26832601089288,6.451029424262351,0.20453309019501742,1.1265338000435134,-0.08832322752903614,-0.6197847383830676,0.8012859107732315
282,0.3693684899760929,3.759924888120671,0.21539040400773718,0.9505222192758483,0,1.009853254868076,0.1,11.01020447990108,10.884779931316652,6.630624032278277,0.20893178145656283,0.11474287956607224,-1.0262428586761214,-0.5881766654548468,0.9342731684493721
283,0.8331149530663495,5.539301772847994,0.42172088965511734,0.6444263975448117,0,1.1635152488949734,0.1,6.259203370334591,9.506032274324403,4.673579095842336,0.22865235809751255,0.07839218290217315,-1.0599395753761047,-0.44646873743929705,-0.5148908243945154
284,1.128197991129332,2.8330947354739973,0.347454992194632,10.578285052258874,0,1.1184123174285454,0.1,10.713496851343471,12.961619298567763,6.67776696933389,0.27128789849403373,1.7102030595196922,0.45273208882176474,-0.1400986855175638,0.9691818440888371
285,0.8732806143569928,3.0605459675608078,0.4284533655652928,1.3620812526556545,0,0.9078603791476509,0.1,4.305044160878402,7.389381597277453,3.342324488568818,0.2855903315831368,0.31561559211803153,-0.8400359490753263,-0.03732440079257989,-1.500665962333695
286,1.0415333277380345,3.3414684102083116,0.2848238515420897,8.936736304803018,0,0.8145317130209362,0.1,8.54883071069835,11.785529020352284,6.423770729111148,0.28290516032162427,2.0036314391573926,0.7247371365326223,-0.05661947835363412,0.7811012339834532
287,0.5695501119824786,1.907310791134851,0.3035800619253873,7.557108524265078,0,1.2070087567989187,0.1,10.90808337107188,11.066972150379502,5.119735519905974,0.2288456787262844,1.0192016032778546,-0.18781905454550088,-0.4450795759434291,-0.18451832609793611
288,0.497590311878256,4.782240598866958,0.4684110788773981,2.5906153490976624,0,0.959497675189329,0.1,5.735159083591956,7.9637414819224155,3.7210370026594095,0.21135006341989454,0.30471377850568937,-0.8501418165971433,-0.5707993984194845,-1.220234721925418
289,1.1657162419999412,3.401476138071473,0.499215020184354,3.2526629228977755,0,0.8855452025354171,0.1,5.287585158241874,8.369165373093258,4.015274139784294,0.2944806030656774,0.7117104231672969,-0.472860171631416,0.02655922564613918,-1.002356298931522
290,1.0476433377524454,6.49691545425853,0.2305267827436137,9.246831524308716,0,1.069117013513805,0.1,10.352973406795844,14.320623777769192,8.614312372162518,0.2447860116796014,1.3298433515514554,0.10014260636975679,-0.3305356862884987,2.4031662233118376
291,0.8908473450175777,5.928495251666826,0.43377562759795474,0.27116665606728846,0,1.0136493911882176,0.1,9.226400696191087,10.311161360002833,6.127872728455117,0.2201579860538651,0.02869106679484566,-1.1060119916664053,-0.5075075135366942,0.561992965122682
292,1.2846277875053167,2.3810794233381993,0.36684457335227083,11.945833820877137,0,0.9328600313385016,0.1,11.79317019018601,13.13344105725872,6.96987734569598,0.2942655709725505,2.332123586208733,1.0292459309500719,0.02501405012066367,1.1854854309297893
293,0.6146428625736808,2.4538838331472586,0.20136463660008813,0.5616435627269933,0,0.9654079631616518,0.1,5.270280550478339,8.391775791331572,4.279602508627033,0.29872581417501204,0.15054143005793197,-0.9930579757191943,0.05706442238786242,-0.8066248942599189
294,0.7739201034577916,5.693623548984086,0.38496504359324923,2.0208008152962478,0,1.0161325460722832,0.1,5.187472747625359,8.629188054854145,4.169896301560135,0.23242381084007835,0.2947615690048782,-0.8593674110111499,-0.4193678689663241,-0.8878607831825073
295,1.2079113992438297,4.3593217321652755,0.28397845624831336,7.999394990361079,0,1.0073952726346092,0.1,4.443084762171526,12.09776159321345,4.2387001626706295,0.4771673596376952,3.7294803400043857,2.324581068453046,1.3393079459824937,-0.8369125007830527
297,0.9025276799899599,4.7792983159195135,0.49078366619872726,12.470942452973734,0,0.964653499116043,0.1,4.38181828778582,9.532675520914301,3.472694541128715,0.24907731824098864,2.101366983321415,0.8153369666724535,-0.29969925729529295,-1.4041287891714722
298,1.403855822280399,3.3694774740902442,0.42280337403110135,5.41247815220292,0,0.965684796315142,0.1,8.911670578283466,11.195783633132757,6.217743299990114,0.29437962065716017,1.015301147882076,-0.19143473601889077,0.025833587236191054,0.6285408475244012
299,0.7192468155170074,5.711282591869793,0.21635652210916745,0.8619108252768501,0,1.0600631008374988,0.1,4.686935619242478,8.808157864972928,4.286809689072635,0.2652756392690429,0.18109577255029793,-0.964734418885082,-0.18330151943960443,-0.8012880794544722
