,Number,Strain,Max.Parasitemia,Max.Weight.Delta,Max.RBC.Delta,Max.Temp.Delta,Immune.Intensity,Max.Parasitemia.zscore,Max.Weight.Delta.zscore,Max.RBC.Delta.zscore,Max.Temp.Delta.zscore,Immune.Intensity.zscore
0,1,DO,0.166340509,3.6000000000000014,10718.0,2.0,6149.925635359,-1.0802526609458005,1.4357846570847617,-0.6945791317064907,-0.7047984977025052,1.490946135753286
0,2,DO,0.283146067,2.400000000000002,11555.0,2.5999999999999943,3675.223907,-0.057177790503390176,0.5406493582819429,-0.400998308910397,-0.4838902640254864,-0.21608382651447944
0,3,DO,0.294363257,7.100000000000001,11335.0,3.5,5585.013101844,0.04107117472117464,4.046595945259651,-0.47816411657484215,-0.15252791350995287,1.1012738735489231
0,4,DO,0.245700246,1.9000000000000021,9892.0,3.3999999999999986,4646.806047965,-0.3851577182066993,0.16767631711410155,-0.9843016641193619,-0.18934595245612354,0.4541059609761127
0,5,DO,0.407407407,4.0,12304.0,3.8000000000000043,5979.0,1.0312006779381568,1.7341630900190335,-0.13828380918008149,-0.04207379667144081,1.3730429648240983
0,6,DO,0.319915254,3.6999999999999993,12886.0,4.799999999999997,6290.0000022,0.2648756448844853,1.5103792653183281,0.06585482745949611,0.3261065927902582,1.5875683421400861
0,7,DO,0.417558887,4.5,13297.0,9.700000000000003,4090.5483854149998,1.1201153174778158,2.107136131186875,0.21001458632352774,2.1301905011525983,0.07040376129989628
0,8,DO,0.279707495,2.0,11966.0,3.3000000000000043,2516.918031003,-0.08729550633508826,0.24227092534766823,-0.2568385500463654,-0.22616399140229163,-1.0150741909447145
0,9,DO,0.35483871,6.100000000000001,13290.0,6.0,3241.48009893,0.5707627176777271,3.3006498629239682,0.20755931062511357,0.7679230601443012,-0.5152769243487727
0,10,DO,0.287128713,1.8999999999999986,15231.0,2.1000000000000014,5746.26732638,-0.022294647010612526,0.1676763171140989,0.888372186428241,-0.6679804587563346,1.2125057806797017
0,11,DO,0.208747515,2.549999999999997,12743.0,2.200000000000003,5134.590554136,-0.7088187761875041,0.6525412706322916,0.015697052477606773,-0.631162419810164,0.790575911120783
0,12,DO,0.266055046,1.6000000000000014,12060.0,1.8999999999999986,3563.62099061,-0.20687438366810498,-0.056107507586603794,-0.2238677049533752,-0.741616536648676,-0.29306664831115853
0,13,DO,0.296610169,3.099999999999998,11513.0,1.3999999999999986,2933.3012069799997,0.060751395788184885,1.0628116159169176,-0.415729963100882,-0.9257067313795267,-0.7278563218044708
0,14,DO,0.252358491,2.8999999999999986,11961.0,2.3999999999999986,5869.969259175,-0.32683957601051344,0.9136223994497816,-0.2585923184023755,-0.5575263419178251,1.2978344096824073
0,15,DO,0.199494949,4.5,8599.0,2.6000000000000014,2735.381316641,-0.7898600204895075,2.107136131186875,-1.4378261609835783,-0.4838902640254838,-0.8643799194024158
0,16,DO,0.374677003,2.1000000000000014,12548.0,2.5,3657.9844955,0.7445220780052005,0.31686553358123754,-0.05269991340678779,-0.5207083029716545,-0.22797543818837515
0,17,DO,0.457013575,1.0,9299.5,2.6000000000000014,6265.30952505,1.4656904810667413,-0.5036751569880145,-1.1921232143065608,-0.4838902640254838,1.5705370434608363
0,18,DO,0.286637931,3.419999999999998,11034.0,1.7999999999999972,4350.827586368,-0.02659330145533881,1.3015143622643364,-0.5837409716066512,-0.7784345755948466,0.24994232527726382
0,19,DO,0.273550725,1.6000000000000014,9263.0,2.1000000000000014,2758.695657518,-0.14122133638928566,-0.056107507586603794,-1.2049257233054347,-0.6679804587563346,-0.8482978687974914
0,20,DO,0.297650131,4.300000000000001,12620.0,1.8999999999999986,3876.187987271,0.06986020025462163,1.9579469147197388,-0.027445649080242104,-0.741616536648676,-0.0774603704304759
0,21,DO,0.466666667,2.8000000000000007,11931.0,15.299999999999997,6172.457785938001,1.5502398468363792,0.839027791216215,-0.2691149285384362,4.192000682138126,1.5064886375877147
0,22,DO,0.377398721,4.030000000000001,12203.0,5.5,6764.305232915,0.7683610231539473,1.7565414724891049,-0.17370992997148585,0.5838328654134504,1.9147403931442766
0,23,DO,0.277922078,3.1999999999999993,12167.0,5.0000000000000036,4175.906493246,-0.1029335915190196,1.137406224150487,-0.1863370621347587,0.3997426706826009,0.12928311872719345
0,24,DO,0.342915811,1.8999999999999986,11857.0,6.599999999999994,2363.549669084,0.46633259843868435,0.1676763171140989,-0.29507070020738596,0.9888312938213201,-1.120866491511484
0,25,DO,0.345794393,0.1999999999999993,15642.0,2.200000000000003,3963.0,0.49154548177346385,-1.1004320228565612,1.0325319452922725,-0.631162419810164,-0.017578120737523927
0,26,DO,0.274611399,1.139999999999997,14191.0,2.0,2877.113989363,-0.1319311199499993,-0.39924270546102114,0.5235883683781366,-0.7047984977025052,-0.7666138265451647
0,27,DO,0.547945205,6.140000000000001,11954.0,12.300000000000004,4098.589043135,2.262141156653319,3.330487706217395,-0.2610475941007897,3.087459513753023,0.07595014431934868
0,28,DO,0.210268949,4.509999999999998,12567.0,1.9000000000000057,3039.163811776,-0.6954928615727501,2.11459559201023,-0.046035593653949346,-0.7416165366486733,-0.654833122200406
0,29,DO,0.271186441,4.300000000000001,11012.0,2.1999999999999957,4441.235292276,-0.16192959367092166,1.9579469147197388,-0.5914575523730957,-0.6311624198101665,0.3123048560971641
0,30,DO,0.34025974,2.770000000000003,15006.0,4.899999999999999,3686.3376634,0.4430686413056609,0.8166494087461462,0.8094526104077857,0.36292463173642886,-0.208417643979938
0,31,DO,0.342175066,2.4700000000000024,16051.0,2.9000000000000057,3864.412763104,0.45984457160261677,0.5928655840454409,1.1759901968139002,-0.37343614718697177,-0.08558282827464507
0,32,DO,0.289256198,4.529999999999998,10794.0,6.100000000000001,2808.640092492,-0.003660461463181536,2.1295145136569436,-0.6679218526951368,0.8047410990904719,-0.81384658686232
0,33,DO,0.311953353,2.389999999999997,14067.0,4.100000000000001,8851.769229958,0.19513905894180017,0.5331898974585823,0.48009491314908576,0.06838032016706863,3.3546567868142865
0,34,DO,0.257847534,2.120000000000001,14739.0,2.1000000000000014,4850.440945866,-0.27876222376604415,0.3317844552279509,0.7158013801968455,-0.6679804587563346,0.5945717262426398
0,35,DO,0.248780488,3.520000000000003,13937.0,3.1000000000000014,3172.872692379,-0.3581785381142481,1.3761089704979081,0.43449693589282273,-0.299800069294633,-0.5626017786025026
0,36,DO,0.328244275,1.8300000000000018,14894.0,4.399999999999999,3648.5763351,0.33782775629417616,0.11546009135060355,0.770168199233159,0.17883443700557808,-0.23446511389699898
0,37,DO,0.00408998,3.1400000000000006,7689.0,1.3999999999999986,3036.10837864,-2.5013703010489157,1.0926494592103468,-1.7570120017774196,-0.9257067313795267,-0.6569407361609443
0,38,DO,0.217557252,2.41,9869.0,0.0,2937.904579524,-0.6316561762716103,0.5481088191052982,-0.9923689985570084,-1.4411592766259085,-0.7246809513062654
0,39,DO,0.453703704,2.2600000000000016,14772.0,3.299999999999997,4755.83827643,1.4367000297347412,0.4362169067549469,0.7273762513465123,-0.22616399140229423,0.52931554228028
0,40,DO,0.336363636,2.8000000000000007,12722.0,3.5,3282.621622464,0.40894350065927054,0.839027791216215,0.008331225382364282,-0.15252791350995287,-0.4868978221074482
0,41,DO,0.39516129,3.4800000000000004,13129.0,0.5,3100.96774408,0.923939561449183,1.346271127204479,0.1510879695615878,-1.2570690818950578,-0.6122012514501254
0,42,DO,0.491606715,3.2399999999999984,13311.0,9.7,5001.784171365,1.7686843867479778,1.1672440674439135,0.21492513772035607,2.130190501152597,0.6989671034925485
0,43,DO,0.313672922,5.02,15991.0,1.7999999999999972,4203.579090026,0.21020039559404935,2.4950280940014293,1.1549449765417787,-0.7784345755948466,0.14837146028201142
0,44,DO,0.273913043,3.120000000000001,15720.0,1.8000000000000043,3571.2434817559997,-0.1380478706120066,1.0777305375636337,1.0598907316460304,-0.7784345755948441,-0.2878087133349015
0,45,DO,0.319148936,3.049999999999997,14935.0,2.0,2665.81606848,0.25816362961747485,1.0255143118001329,0.784549099752442,-0.7047984977025052,-0.912365485332482
0,46,DO,0.173357664,2.6899999999999977,14951.0,5.300000000000001,4438.985403776,-1.0187909029145663,0.7569737221592876,0.7901611584916745,0.5101967875211103,0.3107529005474303
0,47,DO,0.357466063,3.969999999999999,15682.0,5.600000000000001,3010.13684547,0.5937751399982599,1.711784707548962,1.0465620921403536,0.6206509043596211,-0.6748556972971372
0,48,DO,0.002369668,0.0,5998.0,1.1000000000000014,4717.0,-2.516438145479063,-1.2496212393236972,-2.350136459780041,-1.0361608482180362,0.502525201937805
0,49,DO,0.299771167,4.349999999999998,15442.0,2.6000000000000014,2678.883295569,0.08843790039200472,1.9952442188365207,0.9623812110518679,-0.4838902640254838,-0.9033518139436996
0,52,DO,0.408018868,2.700000000000003,17419.0,1.3000000000000043,6173.692300232,1.036556333902367,0.7644331829826482,1.6558212190182682,-0.9625247703256948,1.507340195924849
0,53,A/J,0.3713,4.299999999999997,13098.0,8.900000000000002,4315.7076,0.7149436318604664,1.9579469147197361,0.14021460575432507,1.8356461895832368,0.22571683243600488
0,54,A/J,0.3628,3.799999999999997,14123.0,12.3,4614.136,0.6404939520022485,1.5849738735518948,0.4997371187363991,3.087459513753022,0.4315704165483159
0,55,A/J,0.3413,5.800000000000001,12395.0,10.900000000000002,5476.9058,0.45218005589028576,3.0768660382232627,-0.10636522510069737,2.57200696850664,1.0267022994182484
0,56,A/J,0.3199,3.8999999999999986,12327.0,8.900000000000002,8460.279,0.26474203836489063,1.6595684817854641,-0.13021647474243497,1.8356461895832368,3.0846098778009123
0,57,A/J,0.3996,4.199999999999999,16462.0,12.200000000000003,3638.302,0.9628172718590031,1.8833523064861695,1.3201499556779317,3.0506414748068527,-0.24155227016197206
0,58,C57BL/6J,0.3476,4.700000000000001,14968.0,14.899999999999999,3009.5389999999998,0.5073604068440238,2.256325347654012,0.7961239709021088,4.044728526353445,-0.6752680864422215
0,59,C57BL/6J,0.282,1.5,11939.0,4.700000000000003,3782.7724,-0.06721594594410431,-0.13070211582017313,-0.26630889916882006,0.28928855384409013,-0.1418977143685587
0,60,C57BL/6J,0.3731,3.8999999999999986,13721.0,7.199999999999999,2857.3931000000002,0.7307094464186769,1.6595684817854641,0.35873414291318567,1.209739527498343,-0.7802171423061844
0,61,C57BL/6J,0.1835,3.8999999999999986,12073.0,8.500000000000004,2734.0,-0.929956353712863,1.6595684817854641,-0.2193079072277489,1.6883740337985564,-0.8653327408542073
0,62,C57BL/6J,0.4703,4.0,14666.0,9.600000000000001,3353.9709,1.5820634325620615,1.7341630900190335,0.6901963621990977,2.0933724622064274,-0.43768164662076703
0,63,129S1/SvImJ,0.359,1.9000000000000021,12461.0,7.199999999999999,6369.2828,0.607210565712692,0.16767631711410155,-0.08321548280136383,1.209739527498343,1.6422569980641923
0,64,129S1/SvImJ,0.308,2.5,15745.0,5.399999999999999,6057.116,0.16051248656338554,0.6152439665155096,1.068659573426081,0.5470148264672797,1.4269267727207906
0,65,129S1/SvImJ,0.3361,2.9000000000000004,14443.0,9.099999999999998,3791.1672,0.40663436938878794,0.913622399449783,0.6119782935210466,1.9092822674755754,-0.13610704676485197
0,66,129S1/SvImJ,0.3188,1.8999999999999986,15737.0,4.400000000000002,5883.8368,0.25510737391265026,0.1676763171140989,1.065853544056465,0.17883443700557938,1.3074001312479486
0,67,129S1/SvImJ,0.3168,3.0,13425.0,4.100000000000001,4223.196,0.2375898021813054,0.988217007683351,0.25491105623738675,0.06838032016706863,0.16190305187100373
0,68,NOD/ShiLtJ,0.3414,2.099999999999998,12472.0,14.100000000000001,5123.341,0.4530559344768529,0.3168655335812349,-0.07935719241814157,3.750184214784085,0.7828160563664736
0,69,NOD/ShiLtJ,0.3786,1.3999999999999986,11428.0,13.199999999999996,3860.4724,0.7788827686798767,-0.20529672405374244,-0.44554402515305397,3.4188218642685517,-0.0883008600292043
0,70,NOD/ShiLtJ,0.3694,5.100000000000001,12228.0,14.100000000000001,4182.4938,0.6983019387156881,2.5547037805882855,-0.16494108819143527,3.750184214784085,0.13382699157896707
0,71,NOD/ShiLtJ,0.3694,1.5,12463.0,14.500000000000004,7075.36,0.6983019387156881,-0.13070211582017313,-0.08251397545895978,3.897456370568767,2.1293035468510526
0,72,NOD/ShiLtJ,0.4325,3.8000000000000007,12345.0,13.000000000000004,4215.1496,1.2509813268396341,1.5849738735518974,-0.12390290866079853,3.345185786376214,0.15635270787156758
0,73,NZO/HILtJ,0.2459,1.1999999999999957,14455.0,2.1000000000000014,4691.4576,-0.38340811569488775,-0.3544859405208811,0.6161873375754708,-0.6679804587563346,0.48490625351724476
0,74,NZO/HILtJ,0.1925,3.0,13865.0,0.8999999999999986,4536.5942,-0.8511272809218088,0.988217007683351,0.409242671566277,-1.1097969261103775,0.3780826873358142
0,75,NZO/HILtJ,0.2164,2.200000000000003,14491.0,1.8999999999999986,4947.8586,-0.6417922987322318,0.3914601418148069,0.6288144697387437,-0.741616536648676,0.6617696647072672
0,76,NZO/HILtJ,0.2755,2.799999999999997,13434.0,1.8999999999999986,6453.7375,-0.12414805407097629,0.8390277912162123,0.2580678392782049,-0.741616536648676,1.7005131918116039
0,77,NZO/HILtJ,0.2668,2.5,15132.0,1.1000000000000014,5100.2276,-0.20034949110232897,0.6152439665155096,0.8536475729792407,-1.0361608482180362,0.7668726132121976
0,79,PWK/PhJ,0.4751,2.3000000000000007,14690.0,9.999999999999996,3437.8836,1.6241056047172906,0.46605475004837355,0.6986144503079463,2.2406446179911064,-0.37979932024854124
0,80,PWK/PhJ,0.5724,0.0,12680.0,9.8,6046.1496,2.476335469447242,-1.2496212393236972,-0.006400428808120701,2.1670085400987675,1.4193622354823465
0,82,PWK/PhJ,0.6202,1.5999999999999996,14252.0,11.100000000000001,4461.0231,2.895005433826396,-0.05610750758660512,0.5449843423214601,2.64564304639898,0.32595433162198245
0,83,CAST/EiJ,0.4676,0.9000000000000004,14286.0,8.3,3206.185,1.5584147107247452,-0.5782697652215825,0.5569099671423289,1.6147379559062152,-0.5396232084703212
0,84,CAST/EiJ,0.5024,1.0999999999999996,14857.0,9.0,6358.952,1.863220458850154,-0.42908054875444646,0.7571903133986843,1.872464228529406,1.6351308927513353
0,85,CAST/EiJ,0.3333,5.4,14860.0,9.8,4705.96,0.38210976896490423,2.7784876052889893,0.7582425744122903,2.1670085400987675,0.49490989599306284
0,87,CAST/EiJ,0.4539,1.3000000000000007,13287.0,14.399999999999999,3366.8116,1.4384193443650297,-0.2798913322873091,0.2065070496115075,3.8606383316225945,-0.4288242318522296
0,88,WSB/EiJ,0.0305,0.0,7683.0,3.5,6455.0,-2.270050591160783,-1.2496212393236972,-1.7591165238046316,-0.15252791350995287,1.7013840544705925
0,89,WSB/EiJ,0.0416,1.0,9687.0,2.1000000000000014,7894.0,-2.172828068051816,-0.5036751569880145,-1.0562061667157767,-0.6679804587563346,2.6939950376666117
0,90,WSB/EiJ,0.0353,0.5999999999999996,8428.0,3.1000000000000014,7216.8614,-2.2280084190055542,-0.8020535899222878,-1.4978050387591242,-0.299800069294633,2.2269101095874064
0,91,WSB/EiJ,0.0042,0.40000000000000036,8985.0,1.2000000000000028,6087.0,-2.5004066594279744,-0.9512428063894238,-1.3024352438995972,-0.9993428092718656,1.4475405229791853
0,92,WSB/EiJ,0.3004,0.9000000000000004,11481.0,3.1000000000000014,5316.0,0.09394571398427323,-0.5782697652215825,-0.42695408057934675,-0.299800069294633,0.9157107328164815
0,93,DO,0.0047,0.0,8607.0,3.3999999999999986,1979.0,-2.496027266495138,-1.2496212393236972,-1.435020131613962,-0.18934595245612354,-1.386125855734676
0,94,DO,0.0,1.3000000000000007,7598.0,1.2999999999999972,3195.0,-2.5371935600637996,-0.2798913322873091,-1.7889305858568036,-0.9625247703256975,-0.5473385342848086
0,95,DO,0.33647,0.6999999999999993,13159.0,3.6000000000000014,2135.698,0.40987512015908667,-0.7274589816887198,0.1616105796976485,-0.11570987456378218,-1.2780367967736963
0,96,DO,0.3041,1.0,12203.0,2.1000000000000014,3211.5514000000003,0.12635322168726199,-0.5036751569880145,-0.17370992997148585,-0.6679804587563346,-0.5359215075806593
0,97,DO,0.0,0.10000000000000142,6509.0,0.8000000000000043,4516.0,-2.5371935600637996,-1.1750266310901278,-2.170901333795807,-1.1466149650565456,0.36387696870472663
0,98,DO,0.009,3.0,10806.0,1.1000000000000014,3054.0,-2.4583644872727453,0.988217007683351,-0.6637128086407126,-1.0361608482180362,-0.6445992352095055
0,99,DO,0.2366,1.6999999999999993,15523.0,2.6000000000000014,3298.3874,-0.4648648242456437,0.018487100646962885,0.9907922584192318,-0.4838902640254838,-0.476022711655149
0,100,DO,0.2594,3.0,12903.0,2.0999999999999943,4244.1372,-0.2651645065083065,0.988217007683351,0.07181763986993052,-0.6679804587563373,0.17634812839727523
0,101,DO,0.2292,0.8999999999999986,15838.0,2.299999999999997,6516.3492,-0.5296798396516217,-0.5782697652215838,1.101279664847869,-0.5943443808639959,1.7437022544221483
0,102,DO,0.3128,1.8999999999999986,11442.0,2.5,2920.0346,0.20255465871861464,0.1676763171140989,-0.4406334737562257,-0.5207083029716545,-0.7370075238879266
0,103,DO,0.3415,3.8000000000000007,11445.0,5.400000000000002,3800.6155,0.45393181306342056,1.5849738735518974,-0.4395812127426196,0.547014826467281,-0.1295896830730306
0,104,DO,0.1944,1.3999999999999986,15224.0,0.29999999999999716,3748.0112,-0.8344855877770309,-0.20529672405374244,0.8859169107298268,-1.3307051597873991,-0.16587571916986055
0,105,DO,0.2441,2.5,14112.0,1.2000000000000028,5490.379199999999,-0.3991739302530985,0.6152439665155096,0.4958788283531768,-0.9993428092718656,1.0359961457149767
0,106,DO,0.1855,2.3999999999999986,14565.0,2.5999999999999943,4707.883,-0.9124387819815176,0.5406493582819403,0.6547702414076934,-0.4838902640254864,0.49623636640354635
0,107,DO,0.0,0.40000000000000213,7499.0,1.5,2402.0,-2.5371935600637996,-0.9512428063894225,-1.8236551993058039,-0.8888886924333561,-1.0943437529605857
0,108,DO,0.0,0.0,5223.0,1.5,3053.0,-2.5371935600637996,-1.2496212393236972,-2.6219705549616092,-0.8888886924333561,-0.6452890274146451
0,109,DO,0.337,2.200000000000003,13253.0,5.5,3704.924,0.41451727666789345,0.3914601418148069,0.1945814247906387,0.5838328654134504,-0.1955969338711555
0,110,DO,0.3008,3.0,17776.0,4.199999999999996,4144.432,0.0974492283305424,0.988217007683351,1.7810402796373905,0.1051983591132367,0.10757225862538082
0,111,DO,0.2919,1.6999999999999993,13841.0,3.3999999999999986,3665.266,0.019496034126055387,0.018487100646962885,0.40082458345742844,-0.18934595245612354,-0.2229527131425854
0,112,DO,0.2557,1.6999999999999993,15567.0,3.1000000000000014,2948.172,-0.2975720142112957,0.018487100646962885,1.0062254199521208,-0.299800069294633,-0.7175985646950289
0,113,DO,0.2029,2.1000000000000014,13555.0,1.4000000000000057,2451.4823,-0.760035907918813,0.31686553358123754,0.30050903349364977,-0.9257067313795242,-1.0602112481282018
0,114,DO,0.283,6.700000000000001,17915.0,7.5000000000000036,4541.184,-0.05845716007843162,3.7482175123253776,1.8297950399344718,1.320193644336855,0.3812486955989648
0,115,DO,0.2722,0.8000000000000007,11803.0,2.0,4598.0329,-0.15305204742769635,-0.6528643734551505,-0.3140113984522952,-0.7047984977025052,0.4204626236897307
0,116,DO,0.0,0.09999999999999787,8002.0,0.0,3889.0,-2.5371935600637996,-1.1750266310901305,-1.647226102691186,-1.4411592766259085,-0.06862274391786126
0,117,DO,0.3939,0.5,15912.0,5.099999999999994,3487.0,0.9128921924246685,-0.8766481981558558,1.127235436516819,0.43656070962876764,-0.34591921038401807
0,118,DO,0.1283,1.0999999999999979,11092.0,5.4999999999999964,3221.096,-1.413441333497995,-0.4290805487544478,-0.5633972586769339,0.583832865413449,-0.5293377168994832
0,119,DO,0.2982,2.1999999999999993,11143.0,5.5,4565.2446,0.07467638507979352,0.3914601418148042,-0.5455088214456306,0.5838328654134504,0.39784550992994877
0,120,DO,0.2851,1.6999999999999993,13340.0,5.899999999999999,2413.4197999999997,-0.040063709760518595,0.018487100646962885,0.22509699418521473,0.7311050211981305,-1.0864664639363315
0,121,DO,0.2725,0.8000000000000007,10753.0,2.700000000000003,4554.245,-0.15042441166799436,-0.6528643734551505,-0.6823027532144198,-0.4470722250793131,0.39025807159029413
0,122,DO,0.2267,1.1000000000000014,15898.0,1.7999999999999972,2643.8734999999997,-0.5515768043158031,-0.4290805487544451,1.1223248851199905,-0.7784345755948466,-0.9275012980307301
0,123,DO,0.2459,0.9000000000000021,13005.0,3.6999999999999957,4798.287,-0.38340811569488775,-0.5782697652215811,0.1075945143325369,-0.0788918356176141,0.5585963409169955
0,124,DO,0.264,3.6000000000000014,15355.0,6.099999999999998,3716.0317,-0.22487409152621218,1.4357846570847617,0.9318656416572919,0.8047410990904705,-0.1879349289941253
0,125,DO,0.2184,2.099999999999998,13847.0,3.200000000000003,3845.866,-0.6242747270008864,0.3168655335812349,0.4029291054846406,-0.2629820303484623,-0.0983762408943568
0,126,DO,0.3271,3.6999999999999993,12094.0,4.199999999999996,4723.0572,0.3278052965977338,1.5103792653183281,-0.2119420801325064,0.1051983591132367,0.5067034112827773
0,127,DO,0.3557,1.3999999999999986,15264.0,3.0,5196.2112,0.5783065723559725,-0.20529672405374244,0.8999470575779077,-0.3366181082408037,0.8330813523134436
0,128,DO,0.3639,3.1000000000000014,12997.0,5.100000000000001,2957.2270000000003,0.6501286164544884,1.0628116159169203,0.10478848496292072,0.43656070962877025,-0.7113524962774888
0,129,DO,0.2943,1.8000000000000007,14290.0,5.199999999999999,5938.0096,0.04051712020366993,0.09308170888053222,0.558312981827137,0.4733787485749396,1.3447681064185404
0,130,DO,0.0,1.6000000000000014,8088.0,0.0,4284.0,-2.5371935600637996,-0.056107507586603794,-1.617061286967812,-1.4411592766259085,0.20384517711231773
0,131,DO,0.2669,0.0,14462.0,2.1000000000000014,4615.5886,-0.19947361251576132,-1.2496212393236972,0.618642613273885,-0.6679804587563346,0.43257240870550157
0,132,DO,0.3408,1.1999999999999993,12505.0,2.6999999999999957,3054.804,0.4478006629574494,-0.35448594052087845,-0.06778232126847479,-0.4470722250793157,-0.644044642276573
0,133,DO,0.3646,2.1000000000000014,12820.0,3.5,7649.0944,0.656259766560459,0.31686553358123754,0.042705085160162574,-0.15252791350995287,2.525061063791552
0,134,DO,0.3715,3.1999999999999993,12319.0,4.199999999999996,10297.8836,0.7166953890336007,1.137406224150487,-0.13302250411205116,0.1051983591132367,4.352175207009756
0,135,DO,0.3493,2.1000000000000014,12807.0,3.6000000000000014,7014.7549,0.5222503428156673,0.31686553358123754,0.03814528743453627,-0.11570987456378218,2.087498621279341
0,136,DO,0.1694,0.0,13579.0,1.6999999999999957,2896.0,-1.0534552344188477,-1.2496212393236972,0.30892712160249836,-0.8152526145410174,-0.753586403621577
0,137,DO,0.2211,0.0,14059.0,0.5,3006.9350000000004,-0.6006260051635703,-1.2496212393236972,0.47728888377946954,-1.2570690818950578,-0.6770643053444048
0,138,DO,0.0,0.8999999999999986,9831.0,0.6000000000000014,9363.0,-2.5371935600637996,-0.5782697652215838,-1.0056976380626854,-1.220251042948887,3.7072997870168214
0,139,DO,0.357,2.599999999999998,15387.0,3.5,10229.0,0.5896929939813468,0.6898385747490763,0.9430897591357567,-0.15252791350995287,4.304659836667796
0,140,DO,0.2975,2.5,11321.0,2.700000000000003,5682.0,0.06854523497382234,0.6152439665155096,-0.4830746679716705,-0.4470722250793131,1.1681746798976094
0,141,DO,0.0,0.3000000000000007,5663.0,1.3999999999999986,2923.0,-2.5371935600637996,-1.0258374146229918,-2.4676389396327187,-0.9257067313795267,-0.7349620140828053
0,142,DO,0.3892,1.3999999999999986,13434.0,6.200000000000003,2534.8855,0.871725898856007,-0.20529672405374244,0.2580678392782049,0.8415591380366425,-1.002680370884495
0,143,DO,0.252,1.1999999999999993,14400.0,2.700000000000003,5515.324,-0.3299795219142844,-0.35448594052087845,0.5968958856593596,-0.4470722250793131,1.0532028743137456
0,144,DO,0.2857,0.3000000000000007,13145.0,2.5,1762.4393999999998,-0.034808438241115076,-1.0258374146229918,0.15670002830082017,-0.5207083029716545,-1.5355076695550514
0,145,DO,0.2574,0.0,13851.0,2.5,6530.1252,-0.28268207823965186,-1.2496212393236972,0.4043321201694487,-0.5207083029716545,1.7532048318401534
0,146,DO,0.2465,2.0,13808.0,2.8999999999999986,7044.0572,-0.3781528441754842,0.24227092534766823,0.3892497123077617,-0.3734361471869744,2.107711119412006
0,147,DO,0.1726,1.299999999999999,11813.0,2.0,6448.6302,-1.0254271196486953,-0.27989133228731045,-0.310503861740275,-0.7047984977025052,1.6969902160822934
0,148,DO,0.1867,1.1000000000000014,13007.0,3.3000000000000043,5297.6195,-0.9019282389427103,-0.4290805487544451,0.10829602167494094,-0.22616399140229163,0.9030320071899113
0,149,DO,0.2236,0.5,12077.0,3.5999999999999943,2959.9087,-0.5787290404993886,-0.8766481981558558,-0.21790489254294082,-0.1157098745637848,-0.7095026805209659
0,150,DO,0.2515,2.400000000000002,13922.0,3.5,6105.8235,-0.33435891484712077,0.5406493582819429,0.4292356308247924,-0.15252791350995287,1.4605248265526325
0,151,DO,0.3897,0.6999999999999993,13376.0,4.700000000000003,6015.2442,0.8761052917888434,-0.7274589816887198,0.23772412634848758,0.28928855384409013,1.3980439314656226
0,152,DO,0.0,0.1999999999999993,7980.0,1.1000000000000014,6105.0,-2.5371935600637996,-1.1004320228565612,-1.6549426834576306,-1.0361608482180362,1.4599567826716997
0,153,DO,0.3195,0.3000000000000007,14865.0,1.5,4023.727,0.26123852401862147,-1.0258374146229918,0.7599963427683004,-0.8888886924333561,0.02431089050399415
0,154,DO,0.2369,1.0,13209.0,3.6999999999999957,6155.2846,-0.4622371884859419,-0.5036751569880145,0.17914826325774968,-0.0788918356176141,1.494642707790267
0,155,DO,0.3679,2.1999999999999993,13918.0,3.6000000000000014,9693.6688,0.6851637599171791,0.3914601418148042,0.42783261613998425,-0.11570987456378218,3.9353925477397174
0,156,DO,0.2,1.5999999999999979,9319.0,0.29999999999999716,5310.664,-0.7854363869292637,-0.056107507586606445,-1.1852835177181213,-1.3307051597873991,0.9120300016098559
0,157,DO,0.2325,2.8000000000000007,12882.0,4.5,13048.6475,-0.5007758462949016,0.839027791216215,0.06445181277468802,0.21565247595174875,6.249630703409419
0,158,DO,0.2837,0.8000000000000007,14789.0,5.600000000000001,3717.6805999999997,-0.05232600997246045,-0.6528643734551505,0.7333390637569467,0.6206509043596211,-0.1867975306270707
0,159,DO,0.2905,0.10000000000000142,14403.0,1.0,3004.618,0.007233733914113528,-1.1750266310901278,0.5979481466729656,-1.072978887164207,-0.6786625538837138
0,160,DO,0.1566,0.5,12709.0,3.0,5179.0,-1.165567693499458,-0.8766481981558558,0.003771427656737977,-0.3366181082408037,0.8212092007123435
0,161,DO,0.2832,1.8999999999999986,13877.0,7.0,2987.609,-0.0567054029052968,0.1676763171140989,0.4134517156207013,1.1361034496060027,-0.6903952295009349
0,162,DO,0.0,0.3000000000000007,8615.0,0.5999999999999943,8763.0,-2.5371935600637996,-1.0258374146229918,-1.4322141022443458,-1.2202510429488898,3.2934244639330053
0,163,DO,0.1732,1.8000000000000007,11424.0,2.0,8965.1512,-1.0201718481292916,0.09308170888053222,-0.4469470398378621,-0.7047984977025052,3.432866785952641
0,164,DO,0.1768,1.1999999999999993,15429.0,4.5,4785.0432,-0.9886402190128698,-0.35448594052087845,0.9578214133262416,0.21565247595174875,0.5494608709105663
0,165,DO,0.2176,0.6000000000000014,18671.0,3.0,5463.1312,-0.6312817556934247,-0.8020535899222865,2.0949648153632014,-0.3366181082408037,1.0172006877093307
0,166,DO,0.2896,2.1999999999999993,12925.0,4.0,8034.6842,-0.0006491733649915012,0.3914601418148042,0.07953422063637502,0.03156228122089794,2.791037902212925
0,167,DO,0.2784,1.5,14921.0,6.0,7255.6096,-0.0987475750605259,-0.13070211582017313,0.7796385483556137,0.7679230601443012,2.2536383159106004
0,169,PWK/PhJ,0.6325,0.9000000000000004,5387.0,2.0,6466.477500000001,3.0027384999741695,-0.5782697652215825,-2.5644469528844773,-0.7047984977025052,1.7093011445050839
0,170,PWK/PhJ,0.7115,1.6999999999999993,10712.0,14.799999999999997,5456.2905,3.694682583362312,0.018487100646962885,-0.6966836537337028,4.007910487407274,1.0124820261716316
0,171,PWK/PhJ,0.5996,3.0999999999999996,9368.0,11.100000000000001,4116.5724,2.714574444993539,1.062811615916919,-1.1680965878292222,2.64564304639898,0.08835492370707117
0,172,PWK/PhJ,0.6104,3.5,10026.0,13.000000000000004,4255.974,2.809169332342804,1.3611900488511923,-0.9373006721782908,3.345185786376214,0.18451306077107277
0,173,DO,0.4129,1.1999999999999993,8021.0,4.600000000000001,1971.972,1.0793091238724495,-0.35448594052087845,-1.6405617829383476,0.25247051489791944,-1.3909737153523978
0,174,DO,0.2622,0.0,8815.0,2.5,2456.587,-0.24063990608442323,-1.2496212393236972,-1.3620633680039411,-0.5207083029716545,-1.0566900658586251
0,176,DO,0.3555,1.8000000000000007,10105.0,2.0,3422.7855,0.5765548151828377,0.09308170888053222,-0.909591132153331,-0.7047984977025052,-0.39021387194096097
0,177,DO,0.0,0.0,0.0,1.2999999999999972,2442.0,-2.5371935600637996,-1.2496212393236972,-4.453956979649777,-0.9625247703256975,-1.066752064754998
0,179,DO,0.1842,1.5,8201.0,2.1000000000000014,3886.8343999999997,-0.9238252036068921,-0.13070211582017313,-1.5774261221219834,-0.6679804587563346,-0.07011655791731196
0,180,DO,0.2235,2.099999999999998,7686.0,6.200000000000003,6994.0740000000005,-0.5796049190859558,0.3168655335812349,-1.7580642627910255,0.8415591380366425,2.073233097664068
0,181,DO,0.1921,2.0,10532.0,0.3999999999999986,5747.1633,-0.8546307952680781,0.24227092534766823,-0.7598193145500669,-1.2938871208412284,1.213123816298789
0,182,DO,0.3724,2.900000000000002,9049.0,3.200000000000003,3762.9604,0.7245782963127062,0.9136223994497842,-1.2799870089426677,-0.2629820303484623,-0.15556387753678622
0,183,DO,0.0,0.8000000000000007,5516.0,0.3999999999999986,5516.0,-2.5371935600637996,-0.6528643734551505,-2.5191997292994164,-1.2938871208412284,1.0536691738444202
0,184,DO,0.2934,1.8999999999999986,8105.0,3.1000000000000014,2436.1857,0.03263421292456442,0.1676763171140989,-1.6110984745573778,-0.299800069294633,-1.0707627235733417
0,185,DO,0.0,1.7000000000000028,1431.0,1.2000000000000028,1231.0,-2.5371935600637996,0.018487100646965536,-3.952028476159682,-0.9993428092718656,-1.9020904251791668
0,186,DO,0.3117,0.0,8922.0,2.5,2215.1364,0.1929199942663743,-1.2496212393236972,-1.3245327251853247,-0.5207083029716545,-1.2232408076649273
0,188,DO,0.2559,2.3000000000000007,10064.0,3.700000000000003,1946.2667999999999,-0.29582025703816084,0.46605475004837355,-0.923972032672614,-0.0788918356176115,-1.4087049619439547
0,189,DO,0.332,0.0,8761.0,2.6999999999999957,2719.2018,0.37072334733953005,-1.2496212393236972,-1.3810040662488503,-0.4470722250793157,-0.8755404238643058
0,190,DO,0.2574,2.3000000000000007,9305.0,4.0,2519.753,-0.28268207823965186,0.46605475004837355,-1.1901940691149497,0.03156228122089794,-1.013118651428771
0,191,DO,0.3047,1.9000000000000021,6017.0,4.100000000000001,2548.0011,0.13160849320666598,0.16767631711410155,-2.3434721400272025,0.06838032016706863,-0.9936333322387647
0,192,DO,0.3327,3.400000000000002,11338.0,5.0,3189.7799999999997,0.3768544974455007,1.2865954406176257,-0.4771118555612361,0.39974267068259955,-0.550939249595638
0,193,DO,0.2854,0.7999999999999972,8516.0,4.0,2605.6688000000004,-0.037436074000817075,-0.6528643734551531,-1.4669387156933462,0.03156228122089794,-0.9538546022904302
0,195,DO,0.279,2.0000000000000018,8050.0,4.100000000000001,4175.2713,-0.09349230354112188,0.24227092534766956,-1.6303899264734891,0.06838032016706863,0.12884496737734574
0,196,DO,0.4215,1.4000000000000021,10454.0,3.6999999999999957,2905.712,1.1546346823172347,-0.2052967240537398,-0.7871781009038248,-0.0788918356176141,-0.7468871417252603
0,197,DO,0.3829,0.8000000000000007,8258.0,1.7999999999999972,3745.0,0.8165455479022694,-0.6528643734551505,-1.5574331628634681,-0.7784345755948466,-0.16795282145797713
0,198,DO,0.3901,2.0,10443.0,3.299999999999997,2894.2559,0.8796088061351126,0.24227092534766823,-0.7910363912870471,-0.22616399140229423,-0.7547894702065611
0,200,DO,0.4694,3.6999999999999993,10167.0,5.700000000000003,2668.9433,1.574180525282956,1.5103792653183281,-0.8878444045388055,0.6574689433057918,-0.9102083454063189
0,201,DO,0.3058,1.6999999999999993,10159.0,3.5999999999999943,3972.7904,0.14124315765890583,0.018487100646962885,-0.8906504339084217,-0.1157098745637848,-0.010824779132324365
0,202,DO,0.2557,2.0,9310.0,2.3999999999999986,4078.563,-0.2975720142112957,0.24227092534766823,-1.1884403007589395,-0.5575263419178251,0.06213633586503455
0,204,DO,0.0,0.0,1438.0,2.299999999999997,2935.0,-2.5371935600637996,-1.2496212393236972,-3.9495732004612676,-0.5943443808639959,-0.7266845076211289
0,205,DO,0.0,1.3000000000000007,0.0,2.200000000000003,1906.0,-2.5371935600637996,-0.2798913322873091,-4.453956979649777,-0.631162419810164,-1.4364806867098736
0,206,DO,0.2286,1.1000000000000014,9888.0,3.5,6296.7246,-0.5349351111710252,-0.4290805487544451,-0.98570467880417,-0.15252791350995287,1.5922069172852251
0,207,DO,0.0,1.1000000000000014,5847.0,0.30000000000000426,5303.0,-2.5371935600637996,-0.4290805487544451,-2.4031002641315466,-1.3307051597873965,0.9067434341496655
0,208,DO,0.3352,1.8000000000000007,9509.0,2.6999999999999957,3541.781,0.39875146210968243,0.09308170888053222,-1.1186403201897368,-0.4470722250793157,-0.30813170359426056
0,209,DO,0.2989,1.5999999999999979,10872.0,2.299999999999997,2706.008,0.0808075351857642,-0.056107507586606445,-0.640563066341379,-0.5943443808639959,-0.8846414042604778
0,210,DO,0.1206,0.5,0.0,1.1000000000000014,4069.1118,-1.4808839846636745,-0.8766481981558558,-4.453956979649777,-1.0361608482180362,0.0556169717758183
0,211,DO,0.4249,1.8000000000000007,12342.0,4.899999999999999,2892.7264,1.1844145542605218,0.09308170888053222,-0.1249551696744046,0.36292463173642886,-0.7558445073843223
0,212,DO,0.3441,3.1999999999999993,11741.0,5.299999999999997,3821.4994,0.4767046563141695,1.137406224150487,-0.33575812606682065,0.510196787521109,-0.11518413164011355
0,213,DO,0.0,1.3499999999999979,1587.0,1.0,3155.0,-2.5371935600637996,-0.2425940281705271,-3.8973109034521665,-1.072978887164207,-0.5749302224903964
0,214,DO,0.3455,0.6999999999999993,9284.0,4.400000000000006,3485.659,0.48896695652611083,-0.7274589816887198,-1.197559896210192,0.1788344370055807,-0.34684422173111035
0,215,DO,0.2638,2.799999999999997,10067.0,1.2999999999999972,3947.0400000000004,-0.22662584869934702,0.8390277912162123,-0.9229197716590078,-0.9625247703256975,-0.028587204331553148
0,217,DO,0.3126,1.6999999999999993,9554.0,5.399999999999999,3611.3278,0.2008029015454798,0.018487100646962885,-1.1028564049856457,0.5470148264672797,-0.26015886306185126
0,218,DO,0.3093,3.1999999999999993,11821.0,1.8000000000000043,3635.2462,0.17189890818876025,1.137406224150487,-0.3076978323706588,-0.7784345755948441,-0.243660137182438
0,219,DO,0.161,1.8000000000000007,10499.0,2.1999999999999957,4741.8374,-1.1270290356904982,0.09308170888053222,-0.7713941856997337,-0.6311624198101665,0.519657846853742
0,221,DO,0.3676,2.3000000000000007,12544.0,5.799999999999997,4082.0461999999998,0.6825361241574771,0.46605475004837355,-0.054102928091595885,0.6942869822519598,0.06453902007397691
0,222,DO,0.3817,1.3000000000000007,11032.0,7.300000000000001,5227.207,0.8060350048634619,-0.2798913322873091,-0.5844424789490552,1.2465575664445137,0.8544620135455129
0,223,DO,0.2455,3.5,11638.0,3.6000000000000014,3296.1765,-0.3869116300411569,1.3611900488511923,-0.3718857542006291,-0.11570987456378218,-0.4775477732414924
0,224,DO,0.2529,1.4000000000000021,10408.0,3.5,4959.8813,-0.3220966146351789,-0.2052967240537398,-0.8033127697791178,-0.15252791350995287,0.6700628294520005
0,225,DO,0.0,0.6999999999999993,4336.0,1.8999999999999986,1963.0,-2.5371935600637996,-0.7274589816887198,-2.933089061317804,-0.741616536648676,-1.3971625310169111
0,226,DO,0.0,2.8999999999999986,5722.0,1.1999999999999957,4456.0,-2.5371935600637996,0.9136223994497816,-2.4469444730317993,-0.9993428092718681,0.32248943639634503
0,227,DO,0.2004,1.6999999999999993,9136.0,5.899999999999999,3567.0,-0.7819328725829947,0.018487100646962885,-1.2494714395480917,0.7311050211981305,-0.2907358339728426
0,229,DO,0.2289,2.6000000000000014,10700.0,3.1000000000000014,2770.7093999999997,-0.5323074754113234,0.689838574749079,-0.700892697788127,-0.299800069294633,-0.8400108828788525
0,230,DO,0.4082,2.8000000000000007,10727.0,6.300000000000001,2465.044,1.038142830303788,0.839027791216215,-0.6914223486656724,0.8783771769828119,-1.0508564931797588
0,231,DO,0.5357,2.3999999999999986,15270.0,9.5,4812.4068,2.154888028177054,0.5406493582819403,0.90205157960512,2.056554423260257,0.5683360688951266
0,232,DO,0.2768,2.099999999999998,11484.0,3.8999999999999986,4817.7544,-0.11276163244560208,0.3168655335812349,-0.4259018195657407,-0.005255757725272741,0.5720248016913316
0,233,DO,0.4265,1.8999999999999986,13436.0,4.900000000000006,3111.4484,1.198428611645598,0.1676763171140989,0.25876934662060896,0.36292463173643147,-0.6049717766917581
0,234,DO,0.2299,0.6999999999999993,13817.0,2.6999999999999957,3524.6635,-0.5235486895456507,-0.7274589816887198,0.3924064953485799,-0.4470722250793157,-0.3199392216657391
0,235,DO,0.0,0.0,4056.0,1.1999999999999957,1459.0,-2.5371935600637996,-1.2496212393236972,-3.0313000892543704,-0.9993428092718681,-1.7448178024073167
0,236,DO,0.2619,0.1999999999999993,13705.0,4.299999999999997,3267.7364,-0.24326754184412475,-1.1004320228565612,0.3531220841739533,0.14201639805940738,-0.49716553253488593
0,237,DO,0.2756,1.8999999999999986,8682.0,3.5999999999999943,4816.814,-0.12327217548440912,0.1676763171140989,-1.4087136062738101,-0.1157098745637848,0.5713761211016186
0,238,DO,0.2266,2.1999999999999993,11792.0,2.799999999999997,3499.9390000000003,-0.5524526829023706,0.3914601418148042,-0.31786968883551747,-0.41025418613314507,-0.33699398904171535
0,239,DO,0.2365,4.800000000000001,13560.0,4.700000000000003,3475.6696,-0.4657407028322111,2.33091995588758,0.30226280184965987,0.28928855384409013,-0.3537348319851327
0,240,DO,0.2557,1.8000000000000007,9064.0,0.30000000000000426,3165.9815,-0.2975720142112957,0.09308170888053222,-1.2747257038746374,-1.3307051597873965,-0.5673552693896549
0,241,DO,0.5211,3.1999999999999993,14314.0,5.799999999999997,3063.7119999999995,2.0270097545382337,1.137406224150487,0.5667310699359855,0.6942869822519598,-0.637899973313189
0,242,DO,0.3736,3.3999999999999986,14199.0,3.0999999999999943,3350.15,0.7350888393515133,1.286595440617623,0.5263943977477529,-0.2998000692946356,-0.4403172736573851
0,243,DO,0.352,2.0,9371.0,6.099999999999994,1432.244,0.5458990646529833,0.24227092534766823,-1.167044326815616,0.8047410990904692,-1.7632738826480345
0,245,DO,0.4463,0.0,10699.0,4.700000000000003,6638.0,1.371852571785917,-1.2496212393236972,-0.7012434514593291,0.28928855384409013,1.8276160280111564
0,246,DO,0.2307,0.0,9611.0,2.5,2744.9723999999997,-0.5165416608531126,-1.2496212393236972,-1.0828634457271304,-0.5207083029716545,-0.8577640648625329
0,247,DO,0.4156,2.9999999999999982,14607.0,12.100000000000001,3047.0652,1.1029578457097662,0.9882170076833496,0.6695018955981784,3.013823435860682,-0.6493828061937081
0,248,DO,0.546120059,1.5700000000000003,13023.0,7.799999999999997,3115.796484354,2.2461550936657306,-0.07848589005667513,0.11390808041417333,1.430647761175363,-0.6019725019970793
0,249,DO,0.244292237,1.1099999999999994,10867.0,5.100000000000001,4441.4543407090005,-0.39749016753463934,-0.4216210879310898,-0.6423168346973891,0.43656070962877025,0.3124559539987958
0,250,DO,0.414012739,2.8000000000000007,10261.0,4.199999999999996,2581.738852685,1.0890553664978326,0.839027791216215,-0.8548735594458153,0.1051983591132367,-0.9703612934177209
0,251,DO,0.284132841,0.0,12731.0,3.6999999999999957,3324.612547914,-0.04853484833957667,-1.2496212393236972,0.011488008423182492,-0.0788918356176141,-0.4579328090454363
0,252,DO,0.360086768,2.59,10748.0,3.8999999999999986,3084.2950100479998,0.6167293339103576,0.6823791139257209,-0.68405652157043,-0.005255757725272741,-0.6237019734237664
0,253,DO,0.485781991,3.9399999999999977,12799.0,5.300000000000004,3273.7014186799997,1.7176668765053333,1.6894063250788909,0.03533925806492008,0.5101967875211116,-0.4930509091459093
0,254,DO,0.310061602,2.599999999999998,12285.0,4.300000000000001,3661.993139272,0.17856961702162805,0.6898385747490763,-0.14494812893291995,0.1420163980594087,-0.22521030696126768
0,255,DO,0.275618375,0.0,13406.0,5.600000000000001,3776.869715654,-0.12311123279412725,-1.2496212393236972,0.24824673648454829,0.6206509043596211,-0.14596934001982934
0,256,DO,0.421161826,3.219999999999999,13274.0,9.0,3043.4273848519997,1.1516726886658968,1.1523251457972004,0.2019472518858812,1.872464228529406,-0.6518921427265378
0,257,DO,0.26171875,1.7100000000000009,9391.0,4.5,3454.43359375,-0.2448550717822781,0.02594656147032088,-1.1600292533915757,0.21565247595174875,-0.36838326356468065
0,258,DO,0.231800766,2.5199999999999996,10549.0,3.1000000000000014,3873.342915018,-0.5069002871708995,0.6301628881622229,-0.7538565021396325,-0.299800069294633,-0.07942287909365463
0,259,DO,0.286655684,1.3599999999999994,10761.0,2.1999999999999957,3422.201150975,-0.026437806729865444,-0.23513456734716912,-0.6794967238448036,-0.6311624198101665,-0.3906169513434869
0,260,DO,0.196540881,0.879999999999999,11477.0,1.6000000000000014,4773.0,-0.8157340695341436,-0.5931886868682972,-0.42835709526415483,-0.8520706534871855,0.5411535654256279
0,261,DO,0.411290323,2.919999999999998,11895.0,2.0,3324.8387072719997,1.0652103077165513,0.9285413210964949,-0.2817420607017091,-0.7047984977025052,-0.45777680608316873
0,262,DO,0.300191205,3.3500000000000014,12691.0,10.700000000000003,3305.659964089,0.09211692328945024,1.2492981365008409,-0.002542138424898444,2.4983708906143,-0.47100615363517806
0,263,DO,0.272912424,2.8999999999999986,12093.0,5.100000000000001,3688.824844136,-0.14681207816613046,0.9136223994497816,-0.21229283380370845,0.43656070962877025,-0.2067020060954716
0,264,DO,0.285714286,2.629999999999999,8640.0,4.100000000000001,3363.4991773399997,-0.0346833102262383,0.7122169572191476,-1.4234452604642953,0.06838032016706863,-0.4311091151832259
0,265,DO,0.280879865,2.0199999999999996,10279.0,4.399999999999999,3922.215053652,-0.07702696854974929,0.2571898469943816,-0.8485599933641789,0.17883443700557808,-0.04571125881541506
0,266,DO,0.257839721,0.15000000000000213,12270.0,2.200000000000003,2688.8466921309996,-0.27883065616001235,-1.137729326973343,-0.1502094340009503,-0.631162419810164,-0.8964791406585166
0,267,DO,0.420289855,2.3000000000000007,11430.0,2.5,3836.144927875,1.1440352813958201,0.46605475004837355,-0.44484251781064993,-0.5207083029716545,-0.10508176067178247
0,268,DO,0.336380256,1.9499999999999993,11901.0,6.5,3224.8921385920003,0.40908907168035774,0.20497362123088356,-0.2796375386744969,0.952013254875152,-0.5267191700890914
0,269,DO,0.34375,2.7900000000000027,12629.0,5.399999999999999,4784.076752697,0.47363908126118387,0.8315683303928596,-0.024288866039423894,0.5470148264672797,0.5487942230942787
0,270,DO,0.295454545,1.6900000000000013,12294.0,5.5,3873.08695479,0.05062953263095306,0.011027639823607544,-0.14179134589210174,0.5838328654134504,-0.07959943846375468
0,271,DO,0.083333333,1.8000000000000007,6096.0,2.0,3736.416669881,-1.807294740844005,0.09308170888053222,-2.315762600002243,-0.7047984977025052,-0.17387353566820413
0,272,DO,0.360465116,3.1899999999999977,9824.0,5.099999999999994,2079.9958321060003,0.6200432030250629,1.129946763327129,-1.0081529137610996,0.43656070962876764,-1.3164597179963597
0,273,DO,0.387423935,1.1700000000000017,11034.0,3.200000000000003,2881.456390135,0.8561697258374912,-0.37686432299094713,-0.5837409716066512,-0.2629820303484623,-0.7636184723410466
0,274,DO,0.24648986,2.6099999999999994,12346.0,4.699999999999999,2657.7388206,-0.37824165826416206,0.6972980355724342,-0.12355215498959651,0.2892885538440888,-0.9179371079590871
0,275,DO,0.294964029,1.370000000000001,9416.0,2.3999999999999986,2428.6615395599997,0.046333208023266785,-0.22767510652381112,-1.151260411611525,-0.5575263419178251,-1.0759528307950743
0,276,DO,0.198996656,2.169999999999998,9113.0,5.600000000000001,3814.1554192599997,-0.7942244621748713,0.3690817593447329,-1.2575387739857382,0.6206509043596211,-0.1202499523092619
0,277,DO,0.276707531,0.0,11687.0,2.3000000000000043,3390.262695237,-0.11357154861581484,-1.2496212393236972,-0.35469882431172994,-0.5943443808639932,-0.41264784915575836
0,278,DO,0.180851064,1.9199999999999982,12064.0,4.299999999999997,5084.150943152,-0.9531578169087345,0.18259523876081224,-0.2224646902685671,0.14201639805940738,0.7557830606337413
0,279,DO,0.369294606,0.0,10430.0,5.899999999999999,3081.995176263,0.6973788152381616,-1.2496212393236972,-0.7955961890126734,0.7311050211981305,-0.6252883808417763
0,280,DO,0.230329041,1.8200000000000003,11157.0,3.8999999999999986,3916.9537628689995,-0.5197908112990565,0.10800063052724555,-0.5405982700488023,-0.005255757725272741,-0.049340456186501964
0,281,DO,0.187725632,0.0,13360.0,4.799999999999997,6442.35017952,-0.8929449478777288,-1.2496212393236972,0.2321120676092552,0.3261065927902582,1.692658306907072
0,282,DO,0.258561644,1.129999999999999,11355.0,0.7000000000000028,3619.085106288,-0.2725074871915087,-0.40670216628437644,-0.4711490431508017,-1.1834330040027163,-0.25480793365150767
0,283,DO,0.285945073,1.1600000000000001,11596.0,2.700000000000003,3428.65328615,-0.032661896312657215,-0.38432378381430515,-0.3866174083911141,-0.4470722250793131,-0.3861663187932643
0,284,DO,0.319343066,2.6900000000000013,11816.0,4.0,5504.21712198,0.259863972717578,0.7569737221592903,-0.30945160072666894,0.03156228122089794,1.0455414364321125
0,285,DO,0.265432099,2.0799999999999983,12508.0,1.5,3216.177617676,-0.21233064304676852,0.30194661193452155,-0.06673006025486873,-0.8888886924333561,-0.5327303786884753
0,286,DO,0.273504274,0.5600000000000023,12311.0,1.7000000000000028,4791.333328906,-0.14162819075153205,-0.8318914332157131,-0.13582853348166735,-0.8152526145410147,0.553799752799249
0,287,DO,0.223583461,0.3200000000000003,9334.0,4.300000000000004,2685.063863945,-0.5788739020588208,-1.0109184929762784,-1.180022212650091,0.14201639805941,-0.899088506054602
0,288,DO,0.417840376,3.1899999999999977,9296.0,5.5,3054.19244529,1.1225808193523583,1.129946763327129,-1.1933508521557679,0.5838328654134504,-0.6444664879485477
0,289,DO,0.184357542,0.46000000000000085,10061.0,3.200000000000003,4757.0618722340005,-0.9224453269640422,-0.9064860414492825,-0.92502429368622,-0.2629820303484623,0.5301595691281209
0,290,DO,0.298025135,1.0700000000000003,9447.0,5.600000000000001,3777.540392165,0.07314477998939245,-0.45145893122451647,-1.1403870478042624,0.6206509043596211,-0.1455067125903714
0,291,DO,0.307692308,3.7399999999999984,10300.0,2.6000000000000014,2771.259856968,0.15781747822280526,1.5402171086117549,-0.8411941662689364,-0.4838902640254838,-0.8396311819530611
0,292,DO,0.433476395,3.7300000000000004,12454.0,5.400000000000006,3242.9999995099997,1.2595333615649478,1.5327576477883995,-0.08567075849977798,0.5470148264672823,-0.5142285087761017
0,293,DO,0.258373206,1.370000000000001,10110.0,2.1000000000000014,3550.8086105519997,-0.27415797528246394,-0.22767510652381112,-0.9078373637973208,-0.6679804587563346,-0.3019045282044543
0,294,DO,0.313111546,3.0,12668.0,2.4000000000000057,5175.005870753999,0.20528342341992148,0.988217007683351,-0.010609472862544982,-0.5575263419178226,0.8184540814921317
0,295,DO,0.295045045,2.3599999999999994,9857.0,5.0000000000000036,4064.477195166,0.04704280981896003,0.5108115149885135,-0.9965780426114328,0.3997426706826009,0.05242005748742227
0,296,DO,0.241869919,2.780000000000001,10977.0,4.399999999999999,3297.2369591039997,-0.41870673219520393,0.8241088695695016,-0.6037339308651666,0.17883443700557808,-0.476816276817684
0,297,DO,0.174392936,1.629999999999999,9016.0,3.8999999999999986,5223.22819015,-1.0097231771538395,-0.033729125116535114,-1.2915618800923345,-0.005255757725272741,0.8517174615252497
0,298,DO,0.26993865,2.2600000000000016,10649.0,1.6000000000000014,3762.114567304,-0.17285872784503523,0.4362169067549469,-0.7187811350194302,-0.8520706534871855,-0.15614732633733924
0,299,DO,0.372469636,2.120000000000001,11284.0,3.6000000000000014,3633.130045857,0.725188223125248,0.3317844552279509,-0.4960525538061454,-0.11570987456378218,-0.24511984381515356
0,300,DO,0.384761905,2.5,13825.0,4.300000000000004,2738.847617675,0.8328535750994946,0.6152439665155096,0.39521252471819607,0.14201639805941,-0.8619888919684949
0,301,DO,0.278026906,0.6499999999999986,11850.0,5.199999999999996,3642.187265281,-0.10201542551429285,-0.7647562858055045,-0.2975259759058001,0.47337874857493834,-0.23887224445623864
0,302,DO,0.446854664,3.669999999999998,13672.0,5.599999999999998,3642.13409928,1.3767107549893147,1.488000882848257,0.34154721302428653,0.6206509043596198,-0.23890891794930666
0,303,DO,0.357692308,3.25,11930.0,1.2999999999999972,2061.214956184,0.5957567715064391,1.1747035282672715,-0.26946568220963824,-0.9625247703256975,-1.3294146198130512
0,304,DO,0.471172962,5.599999999999998,13328.0,8.0,3471.37270764,1.5897095197889306,2.927676821756124,0.22088795013079046,1.5042838390677045,-0.3566987948413851
0,305,DO,0.212355212,2.870000000000001,11140.0,1.1999999999999957,3903.238022806,-0.6772197306962744,0.8912440169797129,-0.5465610824592367,-0.9993428092718681,-0.058801466769681184
0,306,DO,0.35610766,3.5,11022.0,4.600000000000001,3381.47412356,0.5818771790019724,1.3611900488511923,-0.5879500156610755,0.25247051489791944,-0.41871013739286456
0,307,DO,0.2,2.799999999999997,10419.0,6.0,4000.103775458,-0.7854363869292637,0.8390277912162123,-0.7994544793958956,0.7679230601443012,0.008015774354658075
0,308,DO,0.324324324,3.5100000000000016,10645.0,6.699999999999999,3366.081084216,0.30349374488124686,1.3686495096745503,-0.7201841497042383,1.025649332767492,-0.4293281359457644
0,309,DO,0.172284644,2.0100000000000016,9501.0,3.799999999999997,3203.1901293720002,-1.0281892553241503,0.24973038617102622,-1.1214463495593532,-0.042073796671443425,-0.5416890468849171
0,310,DO,0.376873662,0.5499999999999972,13454.0,5.100000000000001,4475.820126446,0.7637621438061031,-0.8393508940390738,0.26508291270224543,0.43656070962877025,0.33616120512367914
0,311,DO,0.270909091,2.219999999999999,12894.0,10.299999999999997,3581.72680361,-0.16435884293076605,0.4063790634615176,0.0686608568291123,2.351098734829617,-0.28057739963604156
0,312,DO,0.425263158,1.629999999999999,12920.0,4.5,3084.082104606,1.1875953774179275,-0.033729125116535114,0.07778045228036491,0.21565247595174875,-0.6238488339380898
0,313,DO,0.229110512,0.7700000000000031,10077.0,0.7999999999999972,2431.953736052,-0.530463645881169,-0.6752427559252192,-0.9194122349469876,-1.1466149650565483,-1.0736818993171042
0,314,DO,0.135658915,1.1799999999999997,7115.0,2.700000000000003,4712.86046181,-1.3489861728093082,-0.3694048621675918,-1.9583446090473808,-0.4470722250793131,0.49966978076146484
0,315,DO,0.412997904,3.1900000000000013,11993.0,10.8,3881.595385264,1.0801666440438427,1.1299467633271316,-0.24736820092391076,2.5351889295604693,-0.07373038944481655
0,316,DO,0.221276596,0.0,11720.0,2.700000000000003,3935.3957422040003,-0.599079238614836,-1.2496212393236972,-0.3431239531620632,-0.4470722250793131,-0.036619322593871156
0,317,DO,0.260700389,0.4400000000000013,11349.0,0.20000000000000284,4085.445762596,-0.2537746777152306,-0.9214049630959958,-0.47325356517801387,-1.3675231987335672,0.06688401185358225
0,318,DO,0.38030888,2.509999999999998,12468.0,1.5,2646.0,0.7938504826700076,0.622703427338865,-0.08076020710294966,-0.8888886924333561,-0.9260344549065004
0,319,DO,0.226618705,0.4399999999999977,11496.0,3.6999999999999957,3386.625172388,-0.5522888498127531,-0.9214049630959985,-0.4216927755113164,-0.0788918356176141,-0.41515698406301615
0,320,DO,0.236206897,0.490000000000002,9163.0,2.3999999999999986,2714.849772757,-0.4683079292457972,-0.8841076589792112,-1.2400010904256369,-0.5575263419178251,-0.8785424183330824
0,321,DO,0.206759443,2.3500000000000014,11759.0,3.200000000000003,5691.232607088,-0.7262318731210438,0.5033520541651583,-0.32944455998518424,-0.2629820303484623,1.1745432603000292
0,322,DO,0.259259259,0.08999999999999986,12129.0,4.399999999999999,3868.284039725,-0.2663972267898271,-1.1824860919134859,-0.1996657016404356,0.17883443700557808,-0.08291245183753967
0,323,DO,0.295585413,0.6900000000000013,13339.0,3.0,3960.9081639640003,0.051775777419621964,-0.7349184425120752,0.2247462405140127,-0.3366181082408037,-0.01902105292958682
0,324,DO,0.224206349,4.41,13412.0,4.399999999999999,2905.94737023,-0.5734181594485238,2.0400009837766633,0.25035125851176043,0.17883443700557808,-0.7467247851752843
0,325,DO,0.229565217,0.9000000000000021,12251.0,2.200000000000003,4114.535655023,-0.5264809821541183,-0.5782697652215811,-0.15687375375378873,-0.631162419810164,0.08694999289807906
0,326,DO,0.358369099,2.2300000000000004,12095.0,3.5,3006.6111101340002,0.6016846389512537,0.41383852428487555,-0.21159132646130438,-0.15252791350995287,-0.6772877220492954
0,327,DO,0.323155216,4.190000000000001,17188.0,8.100000000000001,3345.669628402,0.2932537782554022,1.8758928456628141,1.5747971209706009,1.5411018780138752,-0.4434077990618149
0,328,DO,0.402843602,0.9600000000000009,13291.0,5.599999999999998,3039.890994516,0.9912272872104708,-0.5335130002814411,0.2079100642963156,0.6206509043596198,-0.6543315172146419
0,329,DO,0.435344828,3.1300000000000026,13435.0,3.8000000000000043,2547.253639949,1.2758985661163043,1.0851899983869915,0.25841859294940694,-0.04207379667144081,-0.9941489243555979
0,330,DO,0.333333333,2.16,13662.0,5.0,4714.666668388,0.3824017255741649,0.36162229852137756,0.3380396763122663,0.39974267068259955,0.5009156879798417
0,331,DO,0.219277108,2.8999999999999986,13197.0,4.899999999999999,3747.64498876,-0.6165923258478181,0.9136223994497816,0.1749392192033254,0.36292463173642886,-0.16612832882864692
0,332,DO,0.272084806,0.0,11595.0,9.8,2401.903380146,-0.15406100700670652,-1.2496212393236972,-0.3869681620623161,2.1670085400987675,-1.0944104005827366
0,333,DO,0.267006803,0.9100000000000001,13031.0,1.2999999999999972,4179.329929346,-0.19853814790894997,-0.5708103043982258,0.11671410978378952,-0.9625247703256975,0.13164457826376783
0,334,DO,0.269021739,1.4599999999999973,15272.0,3.799999999999997,5078.209239909,-0.1808897549519152,-0.16053995911360244,0.902753086947524,-0.042073796671443425,0.7516845200514666
0,335,DO,0.349693252,2.4800000000000004,14928.0,2.3000000000000043,1983.110426012,0.5256947528749149,0.6003250448687962,0.7820938240540279,-0.5943443808639932,-1.383290515911795
0,336,DO,0.526770294,4.829999999999998,15858.0,7.700000000000003,4320.611112732,2.076674645479642,2.3532983383576487,1.1082947382719097,1.393829722229195,0.22909923729634193
0,337,DO,0.419512195,0.6900000000000013,13890.0,3.799999999999997,2390.8341470200003,1.137223923979521,-0.7349184425120752,0.41801151334632763,-0.042073796671443425,-1.1020458713099253
0,338,DO,0.313679245,1.9299999999999997,14318.0,3.5,3126.059701028,0.2102557773970778,0.19005469958417023,0.5681340846207936,-0.15252791350995287,-0.5948930151356944
0,339,DO,0.28219697,3.3900000000000006,15806.0,1.5,5171.034697986,-0.06549072789214261,1.2791359797942676,1.0900555473694045,-0.8888886924333561,0.8157147974715026
0,340,DO,0.323809524,1.9299999999999997,13349.0,3.799999999999997,2905.780950672,0.29898472191759873,0.19005469958417023,0.22825377722603296,-0.042073796671443425,-0.7468395800891755
0,341,DO,0.260960334,0.14999999999999858,14367.0,2.5999999999999943,4582.741127613999,-0.25149787512337796,-1.1377293269733457,0.5853210145096928,-0.4838902640254864,0.40991447829509686
0,342,DO,0.388461538,1.2899999999999991,15287.0,3.1000000000000014,5473.649123151999,0.8652578683280707,-0.28735079311066714,0.9080143920155543,-0.299800069294633,1.0244558691138383
0,344,DO,0.310913706,1.7800000000000011,13520.0,4.800000000000004,2587.439081948,0.18603301349291138,0.07816278723381888,0.28823265500157896,0.32610659279026083,-0.9664293197045943
0,345,DO,0.501322751,3.1799999999999997,14959.0,5.599999999999998,3188.246809314,1.8537850655351444,1.1224873025037736,0.7929671878612906,0.6206509043596198,-0.5519968325798333
0,346,DO,0.256830601,1.620000000000001,17815.0,4.0,3021.156579687,-0.28766932215278024,-0.04118858593989046,1.7947196728142694,0.03156228122089794,-0.6672543705315395
0,347,DO,0.424947146,1.3399999999999999,13803.0,4.200000000000003,2763.486257264,1.1848274959789449,-0.25005348899388247,0.3874959439517516,0.10519835911323931,-0.8449933504347565
0,348,DO,0.30489335,2.039999999999999,13750.0,2.5,3546.603373517,0.13330200445379362,0.2721087686410949,0.36890599937804436,-0.5207083029716545,-0.3048052679319619
0,349,DO,0.399141631,2.0700000000000003,12385.0,2.3999999999999986,2407.729612983,0.9588025159405404,0.29448715111116625,-0.1098727618127176,-0.5575263419178251,-1.090391510586445
0,350,DO,0.273279352,1.1699999999999982,11014.0,5.600000000000001,2583.188929975,-0.14359823438601102,-0.3768643229909498,-0.5907560450306917,0.6206509043596211,-0.9693610414062288
0,351,DO,0.387878788,1.1000000000000014,15651.0,3.0,3363.06031021,0.8601536858648497,-0.4290805487544451,1.035688728333091,-0.3366181082408037,-0.4314118423085918
0,352,DO,0.472375691,1.8299999999999983,12025.0,9.099999999999998,3835.370163568,1.6002439655543652,0.1154600913506009,-0.23614408344544602,1.9092822674755754,-0.10561618705157164
0,353,DO,0.025411061,1.3900000000000006,9009.0,0.7999999999999972,4089.0,-2.3146235181452535,-0.2127561848770978,-1.2940171557907485,-1.1466149650565483,0.06933569711007746
0,354,DO,0.37745098,2.719999999999999,13152.0,4.0,2477.319150458,0.7688187485445015,0.7793521046293589,0.15915530399923433,0.03156228122089794,-1.0423891900769136
0,355,DO,0.430672269,0.5300000000000011,13410.0,5.5,4017.9786406969997,1.2349726223905824,-0.8542698156857845,0.24964975116935637,0.5838328654134504,0.02034571706444241
0,356,DO,0.266129032,0.8100000000000023,13828.0,3.9000000000000057,5452.457143795,-0.20622635613704757,-0.6454049126317924,0.3962647857318022,-0.005255757725270125,1.0098378069418987
0,357,DO,0.39261745,1.7199999999999989,13700.0,3.299999999999997,3740.48275916,0.90165861161265,0.03340602229367622,0.35136831581794314,-0.22616399140229423,-0.17106877897814773
0,358,DO,0.272997033,2.620000000000001,13299.0,6.200000000000003,4011.611273148,-0.14607100605282164,0.7047574963957922,0.21071609366593178,0.8415591380366425,0.01595355656188282
0,359,DO,0.399631676,0.5199999999999996,14241.0,5.100000000000001,2396.975471372,0.9630947151600839,-0.8617292765091424,0.5411260519382378,0.43656070962877025,-1.0978096336426812
0,360,DO,0.401847575,3.3299999999999983,15342.0,3.3999999999999986,4215.923787899999,0.9825033000010424,1.2343792148541248,0.9273058439316656,-0.18934595245612354,0.15688673665030073
0,361,DO,0.333333333,1.2699999999999996,14752.0,4.400000000000006,4478.000002977,0.3824017255741649,-0.30226971475738046,0.7203611779224718,0.1788344370055807,0.3376648669629296
0,362,DO,0.363402062,3.8000000000000007,12767.0,8.100000000000001,5015.884019682,0.6457672841381072,1.5849738735518974,0.024115140586455332,1.5411018780138752,0.7086930689552675
0,363,DO,0.310696095,1.4499999999999993,14576.0,5.299999999999997,2596.8487399,0.1841270053418964,-0.1679994199369578,0.6586285317909156,0.510196787521109,-0.959938610996274
0,364,DO,0.251908397,2.5,12435.0,8.899999999999999,4171.351721086,-0.3307818529759376,0.6152439665155096,-0.09233507825261643,1.8356461895832354,0.12614127239503842
0,365,DO,0.214285714,3.230000000000004,12720.0,3.799999999999997,4227.13721403,-0.6603108770650216,1.1597846066205608,0.0076297180399602345,-0.042073796671443425,0.16462167058768498
0,366,DO,0.215559157,1.009999999999998,12208.0,2.0,4189.346221301,-0.6491570625158817,-0.4962156961646591,-0.17195616161547575,-0.7047984977025052,0.1385537383787298
0,367,DO,0.204044118,1.4199999999999982,11476.0,1.8999999999999986,2604.318011906,-0.7500148233517513,-0.19037780240702912,-0.42870784893535685,-0.741616536648676,-0.9547863653884673
0,368,DO,0.33151184,1.2600000000000016,15827.0,5.700000000000003,3607.458335555,0.36644765843134314,-0.3097291755807358,1.0974213744646468,0.6574689433057918,-0.2628279894740776
0,369,DO,0.320083682,0.6999999999999993,12813.0,2.6000000000000014,3694.34525472,0.2663508696702688,-0.7274589816887198,0.04024980946174841,-0.4838902640254838,-0.20289406990545786
0,370,DO,0.220556745,1.4399999999999977,10815.0,1.6999999999999957,4114.6,-0.6053842593790263,-0.17545888076031577,-0.6605560255998943,-0.8152526145410174,0.08699437756165387
0,371,DO,0.256934307,2.0,13857.0,3.299999999999997,3419.845252903,-0.28676098350579493,0.24227092534766823,0.4064366421966608,-0.22616399140229423,-0.3922420314696561
0,372,DO,0.237623762,2.16,11980.0,1.8999999999999986,3396.41509459,-0.455897912110231,0.36162229852137756,-0.2519279986495371,-0.741616536648676,-0.40840397203915246
0,374,DO,0.373161765,2.1099999999999994,15497.0,4.799999999999997,2898.534924845,0.7312504328276701,0.3243249944045929,0.9816726629679792,0.3261065927902582,-0.7518378322228809
0,375,DO,0.392572944,1.1099999999999994,13995.0,5.0,3031.524715733,0.9012687930889124,-0.4216210879310898,0.45484064882254005,0.39974267068259955,-0.6601025111051808
0,376,DO,0.305747126,0.5199999999999996,14274.0,2.6000000000000014,2462.72231816,0.14078004561504395,-0.8617292765091424,0.5527009230879046,-0.4838902640254838,-1.052457971215805
0,377,DO,0.23655914,0.0,16709.0,3.700000000000003,3742.22029304,-0.4652227082361151,-1.2496212393236972,1.4067861124648315,-0.0788918356176115,-0.16987024165155776
0,378,DO,0.1995842,0.4800000000000004,14504.0,3.0,4288.719331,-0.7890782900922105,-0.8915671198025692,0.63337426746437,-0.3366181082408037,0.207100534849592
0,379,DO,0.381048387,0.0,14021.0,5.599999999999998,4863.663307031,0.8003276661291734,-1.2496212393236972,0.4639602442737927,0.6206509043596198,0.6036924079077984
0,380,DO,0.255274262,0.8300000000000018,12010.0,4.700000000000003,3421.524414176,-0.30130096218817554,-0.6304859909850792,-0.24140538851347637,0.28928855384409013,-0.39108375911236837
0,381,DO,0.442201835,6.309999999999999,13753.0,9.399999999999999,2306.93944857,1.3359576221087226,3.4572985402144596,0.3699582603916504,2.0197363843140863,-1.1599157803532807
0,382,DO,0.293144208,2.1199999999999974,15211.0,2.5,4483.983387335,0.030393785570412474,0.33178445522794825,0.8813571130042005,-0.5207083029716545,0.3417921588534327
0,383,DO,0.235747304,1.9800000000000004,12926.0,0.5999999999999943,4440.01078252,-0.4723334059181594,0.2273520037009549,0.07988497430757706,-1.2202510429488898,0.31146019881235787
0,384,DO,0.331958763,0.10999999999999943,14279.0,2.799999999999997,3654.0494835970003,0.37036216128678706,-1.1675671702667725,0.5544546914439147,-0.41025418613314507,-0.23068977872619617
0,385,DO,0.30831643,0.0,12543.0,3.5,3112.31707116,0.16328402917486018,-1.2496212393236972,-0.054453681762797905,-0.15252791350995287,-0.6043725740967605
0,386,DO,0.3575,1.3000000000000007,16692.0,2.5,3502.1125,0.5940723869141831,-0.2798913322873091,1.4008233000543973,-0.5207083029716545,-0.3354947256838443
0,387,DO,0.223175966,1.0799999999999983,13096.0,2.799999999999997,3779.79066506,-0.5824430635051532,-0.4439994704011611,0.13951309841192103,-0.41025418613314507,-0.14395449188796336
0,388,DO,0.528017241,2.6999999999999993,13680.0,8.300000000000004,3055.352361855,2.0875963872384853,0.7644331829826456,0.3443532423939027,1.6147379559062165,-0.6436663865433983
0,389,DO,0.321495327,0.0,14524.0,1.3000000000000043,4464.381309254,0.27871516594361645,-1.2496212393236972,0.6403893408884105,-0.9625247703256948,0.32827079818861965
0,390,DO,0.423214286,2.039999999999999,12731.0,5.399999999999999,4051.74164832,1.1696497463037552,0.2721087686410949,0.011488008423182492,0.5470148264672797,0.04363517654486004
0,391,DO,0.282105263,0.060000000000002274,15876.0,4.0,2618.505569967,-0.06629396986752581,-1.2048644743835546,1.1146083043535462,0.03156228122089794,-0.9449998984280223
0,392,DO,0.210325048,1.2900000000000027,13805.0,1.6000000000000014,3504.586996208,-0.6950015024444719,-0.28735079311066447,0.3881974512941556,-0.8520706534871855,-0.3337878374879183
0,393,DO,0.382297552,1.1300000000000026,13571.0,5.9999999999999964,3610.8399236,0.8112688348750664,-0.40670216628437383,0.30612109223288214,0.7679230601442999,-0.26049539639964286
0,394,DO,0.334773218,1.6600000000000001,13979.0,3.8000000000000043,4720.215947407,0.3950133699603588,-0.011350742646463786,0.4492285900833077,-0.04207379667144081,0.5047435373912931
0,395,DO,0.38424821,2.34,14110.0,5.299999999999997,2869.698705986,0.8283542305942276,0.49589259334180025,0.4951773210107728,0.510196787521109,-0.7717288312175216
0,396,DO,0.282685512,0.0,13574.0,6.100000000000001,3241.2049485119996,-0.061211693127754825,-1.2496212393236972,0.3071733532464882,0.8047410990904719,-0.5154667209623504
0,397,DO,0.447552448,2.539999999999999,14909.0,5.100000000000001,2621.111328125,1.382822495625807,0.6450818098089363,0.7754295043011894,0.43656070962877025,-0.9432024667621549
0,398,DO,0.315673289,1.8300000000000018,13747.0,4.399999999999999,2731.0,0.22772118179980744,0.11546009135060355,0.36785373836443824,0.17883443700557808,-0.8674021174696265
0,399,DO,0.232505643,2.469999999999999,12648.0,2.3000000000000043,3304.519189522,-0.5007264204662616,0.5928655840454382,-0.01762454628658545,-0.5943443808639932,-0.4717930510393162
0,400,DO,0.195918367,1.9600000000000009,10625.0,1.5999999999999943,2185.0326561069996,-0.8211865363585269,0.21243308205424155,-0.7271992231282788,-0.852070653487188,-1.2440061355478407
0,401,DO,0.343478261,1.5600000000000023,13699.0,3.700000000000003,2335.391472558,0.4712589775488319,-0.08594535088003047,0.3510175621467411,-0.0788918356176115,-1.1402897959859108
0,402,DO,0.237288136,1.0500000000000007,13252.0,2.8999999999999986,4052.847455352,-0.45883758837518307,-0.4663778528712298,0.19423067111943668,-0.3734361471869744,0.04439795361592232
0,403,DO,0.364356436,2.289999999999999,13332.0,2.799999999999997,3654.2257406159997,0.6541264416398725,0.4585952892250156,0.22229096481559854,-0.41025418613314507,-0.2305681980083892
0,404,DO,0.20361991,0.9100000000000001,13916.0,3.0,2471.170253368,-0.7537303703862567,-0.5708103043982258,0.4271311087975802,-0.3366181082408037,-1.0466306513598016
0,405,DO,0.409736308,5.809999999999999,14676.0,7.200000000000003,2686.4198796279998,1.0515990230995078,3.084325499046618,0.6937038989111179,1.2097395274983442,-0.8981531370064214
0,406,DO,0.364764268,2.9200000000000017,16086.0,9.5,4246.807610376,0.6576985547970415,0.9285413210964976,1.188266575305971,2.056554423260257,0.17819015665916438
0,407,DO,0.394957983,2.1900000000000013,13651.0,5.600000000000001,2941.647060098,0.9221588389711908,0.3840006809914489,0.334181385929044,0.6206509043596211,-0.7220994173784334
0,408,DO,0.28340081,0.9199999999999982,14185.0,1.8999999999999986,3959.199224406,-0.0549465511156111,-0.5633508435748704,0.5214838463509245,-0.741616536648676,-0.02019986611575017
0,409,DO,0.266666667,1.2200000000000024,12216.0,1.0999999999999943,3248.8330392440002,-0.20151732629815633,-0.33956701887416246,-0.16915013224585956,-1.0361608482180389,-0.510204923435318
0,410,DO,0.550135501,0.9100000000000001,13851.0,9.299999999999997,5100.357142264,2.2813254902997584,-0.5708103043982258,0.4043321201694487,1.9829183453679156,0.7669619704561407
0,411,DO,0.219339623,0.4499999999999993,11567.0,1.8999999999999986,3469.629714153,-0.6160447703494254,-0.9139455022726405,-0.39678926485597277,-0.741616536648676,-0.35790109816232707
0,412,DO,0.337917485,1.4599999999999973,14272.0,2.1799999999999997,2897.811766808,0.42255333131786016,-0.16053995911360244,0.5519994157455006,-0.6385260275993991,-0.7523366609998878
0,413,DO,0.382642998,2.4899999999999984,11540.0,4.200000000000003,2217.0428553989996,0.8142945224172198,0.6077845056921516,-0.40625961397842736,0.10519835911323931,-1.221925749591251
0,414,DO,0.346578366,0.6400000000000006,12336.0,5.0,2462.084873164,0.4984121334049333,-0.7722157466288598,-0.12705969170161674,0.39974267068259955,-1.0528976758052513
0,416,DO,0.445205479,2.41,12501.0,3.8000000000000043,3272.136989058,1.3622658967214354,0.5481088191052982,-0.06918533595328288,-0.04207379667144081,-0.4941300405046544
0,417,DO,0.268065268,1.8399999999999999,14107.0,3.5,4370.27731496,-0.18926727962764064,0.12291955217395889,0.49412505999716666,-0.15252791350995287,0.26335859645210785
0,418,DO,0.223127036,0.389999999999997,13398.0,3.799999999999997,2959.2828521339998,-0.5828716308975606,-0.9587022672127832,0.2454407071149321,-0.042073796671443425,-0.7099343855005361
0,419,DO,0.461904762,2.669999999999998,13198.0,3.8999999999999986,3114.3124989340004,1.5085313406287035,0.7420548005125742,0.1752899728745274,-0.005255757725272741,-0.6029961435723359
0,420,DO,0.337142857,3.3599999999999994,14556.0,5.099999999999994,3481.120000858,0.4157685305403058,1.2567575973241962,0.6516134583668752,0.43656070962876764,-0.3499751879583978
0,421,DO,0.337292162,2.6999999999999993,12995.0,8.300000000000004,4929.178144462,0.41707626106398,0.7644331829826456,0.10408697762051666,1.6147379559062165,0.6488840320886966
0,422,DO,0.307392996,0.5199999999999996,14123.0,3.6999999999999957,4487.855581688,0.15519586850777858,-0.8617292765091424,0.4997371187363991,-0.0788918356176141,0.344463168334918
0,423,DO,0.312364425,0.3400000000000034,13141.0,1.8999999999999986,2535.1496758499998,0.1987395505651741,-0.9959995713295625,0.1552970136160121,-0.741616536648676,-1.0024981444423788
0,424,DO,0.365461847,1.7600000000000016,14340.0,2.799999999999997,3489.836189869,0.6638084998824317,0.06324386558710554,0.5758506653872382,-0.41025418613314507,-0.3439628287200857
0,425,DO,0.3113879,2.169999999999998,12378.0,3.8999999999999986,2959.204818928,0.19018637719769801,0.3690817593447329,-0.11232803751113177,-0.005255757725272741,-0.7099882121977769
0,426,DO,0.460992908,2.7399999999999984,12265.0,6.399999999999999,3764.255318076,1.500544606701946,0.7942710262760723,-0.15196320235696043,0.9151952159289813,-0.15467065314166684
0,427,DO,0.384269663,1.6099999999999994,13032.0,4.0,3018.0,0.828542132827404,-0.04864804676324845,0.11706486345499154,0.03156228122089794,-0.6694317545945344
0,428,DO,0.252173913,0.0,13531.0,2.0,3325.0,-0.32845625518802746,-1.2496212393236972,0.29209094538480124,-0.7047984977025052,-0.45766554761664846
0,429,DO,0.280632411,2.969999999999999,12635.0,3.1999999999999957,3557.185771135,-0.07919436514735329,0.9658386252132796,-0.022184344012211754,-0.2629820303484649,-0.29750561254337665
0,430,DO,0.42760181,1.0199999999999996,14011.0,4.600000000000001,2925.465070886,1.208079129500255,-0.48875623534130114,0.4604527075617724,0.25247051489791944,-0.7332616274005257
0,431,DO,0.34,0.7699999999999996,12964.0,4.200000000000003,2168.566835299,0.4407936342649115,-0.6752427559252218,0.09321361381325394,0.10519835911323931,-1.2553641303924257
0,432,DO,0.48456057,1.120000000000001,11450.0,10.3,2286.62470337,1.7069687115144976,-0.4141616271077318,-0.4378274443866095,2.3510987348296184,-1.1739287332416395
0,433,DO,0.338498212,0.0,10399.0,2.5999999999999943,1710.751402284,0.42763979475727465,-1.2496212393236972,-0.806469552819936,-0.4838902640254864,-1.5711616474788261
0,434,DO,0.357664234,0.4800000000000004,11120.0,1.7000000000000028,1261.6423325179999,0.5955108773520463,-0.8915671198025692,-0.5535761558832772,-0.8152526145410147,-1.880953583060952
0,435,DO,0.367265469,0.9100000000000001,13000.0,3.5,2470.2753331960002,0.679606038763048,-0.5708103043982258,0.10584074597652679,-0.15252791350995287,-1.0472479603186693
0,436,DO,0.234285714,0.0,11276.0,2.299999999999997,3240.4793414610003,-0.48513515975156785,-1.2496212393236972,-0.49885858317576154,-0.5943443808639959,-0.5159672390501241
0,437,DO,0.27184466,3.419999999999998,13515.0,5.300000000000004,3942.744828299,-0.15616439439720434,1.3015143622643364,0.2864788866455688,0.5101967875211116,-0.03154998029063991
0,438,DO,0.140280561,0.0,11280.0,1.5,2826.25551488,-1.3085061651483656,-1.2496212393236972,-0.49745556849095346,-0.8888886924333561,-0.8016956058088343
0,439,DO,0.128547579,0.2699999999999996,10666.0,2.5,4788.041743775,-1.4112728420521576,-1.0482157970930632,-0.7128183226089958,-0.5207083029716545,0.5515292430333315
0,440,DO,0.257874016,1.1600000000000001,12069.0,7.800000000000004,2093.9980893849997,-0.27853027359874943,-0.38432378381430515,-0.220710921912557,1.4306477611753656,-1.3068010700709454
0,441,DO,0.292307692,2.039999999999999,16362.0,5.0,2636.975455896,0.023066921053203345,0.2721087686410949,1.2850745885577295,0.39974267068259955,-0.9322595150843791
0,442,DO,0.310344828,1.8599999999999994,17630.0,6.699999999999996,5372.2909023600005,0.18105033290721928,0.1378384738206722,1.729830243641895,1.0256493327674907,0.9545397584846894
0,443,DO,0.324137931,0.26000000000000156,13121.0,3.6000000000000014,2084.213793293,0.3018611685073865,-1.0556752579164186,0.1482819401919716,-0.11570987456378218,-1.3135502012479856
0,444,DO,0.22972973,0.0,12867.0,3.299999999999997,2736.802893741,-0.5250400480149988,-1.2496212393236972,0.05919050770665767,-0.22616399140229423,-0.8633993265998308
0,445,DO,0.139312977,0.4399999999999977,13395.0,2.3000000000000007,3155.847852289,-1.3169810262114165,-0.9214049630959985,0.24438844610132604,-0.5943443808639945,-0.5743453805903344
0,446,DO,0.28442029,0.0,12573.0,2.6000000000000014,2224.71595058,-0.04601714410127497,-1.2496212393236972,-0.043931071626737206,-0.4838902640254838,-1.2166329083461018
0,447,DO,0.318481848,2.759999999999998,12752.0,2.1000000000000014,2644.8778896,0.2523207486719151,0.8091899479227855,0.018853835518424983,-0.6679804587563346,-0.9268084779137267
0,448,DO,0.293877551,0.9699999999999989,15373.0,3.3999999999999986,4377.20470183,0.03681697987350245,-0.5260535394580858,0.9381792077389283,-0.18934595245612354,0.26813705391702103
0,449,DO,0.489719626,3.219999999999999,13665.0,5.199999999999996,5754.402441836,1.7521557782875112,1.1523251457972004,0.33909193732587234,0.47337874857493834,1.2181173199091626
0,450,DO,0.280182232,0.0,14622.0,4.100000000000001,4561.676925232,-0.08313738660957638,-1.2496212393236972,0.6747632006662088,0.06838032016706863,0.39538455568450886
0,451,DO,0.285714286,0.509999999999998,13214.0,1.8999999999999986,3498.571427752,-0.0346833102262383,-0.8691887373325005,0.18090203161375978,-0.741616536648676,-0.3379373297183513
0,452,DO,0.287640449,0.7300000000000004,13707.0,1.5,1964.6898904409998,-0.0178124609668563,-0.7050805992186485,0.35382359151635734,-0.8888886924333561,-1.3959968577631694
0,453,DO,0.24537037,0.129999999999999,14145.0,6.199999999999996,3949.0,-0.38804703145292396,-1.152648248620059,0.5074536995028436,0.84155913803664,-0.027235211609479636
0,454,DO,0.282771536,1.4100000000000001,13658.0,2.799999999999997,2611.380146032,-0.060458227332446525,-0.19783726323038445,0.3366366616274582,-0.41025418613314507,-0.9499149603167012
0,455,DO,0.237288136,0.389999999999997,12774.0,2.1999999999999957,4386.571675664,-0.45883758837518307,-0.9587022672127832,0.0265704162848695,-0.6311624198101665,0.27459831945346197
0,456,DO,0.329391892,0.6000000000000014,12931.0,2.700000000000003,2426.5388505319997,0.3478794878529822,-0.8020535899222865,0.08163874266358717,-0.4470722250793131,-1.0774170451405243
0,457,DO,0.0,0.0,12041.0,1.0999999999999943,3357.0,-2.5371935600637996,-1.2496212393236972,-0.23053202470621365,-1.0361608482180389,-0.4355921970521782
0,458,DO,0.206375839,0.0,11757.0,2.0,3177.07382496,-0.7295917784142592,-1.2496212393236972,-0.3301460673275883,-0.7047984977025052,-0.5597038700953704
0,459,DO,0.270103093,0.5,12814.0,2.3000000000000043,2976.7518620640003,-0.1714184068209263,-0.8766481981558558,0.040600563132950435,-0.5943443808639932,-0.6978843986193138
0,460,DO,0.322701689,0.6699999999999982,14460.0,2.4000000000000057,2800.9552188,0.2892814323781012,-0.7498373641587911,0.617941105931481,-0.5575263419178226,-0.8191475528325448
0,461,DO,0.208988764,1.7899999999999991,12090.0,4.599999999999994,2634.707694239,-0.7067057278561965,0.08562224805717422,-0.2133450948173145,0.25247051489791683,-0.9338237993984924
0,462,DO,0.260299625,0.879999999999999,16257.0,4.100000000000001,4108.098682724,-0.257284883773901,-0.5931886868682972,1.248245453081517,0.06838032016706863,0.08250981958152905
0,463,DO,0.241516966,1.7600000000000016,11752.0,2.0,3905.242740472,-0.4217981719428506,0.06324386558710554,-0.33189983568359843,-0.7047984977025052,-0.05741862815016852
0,464,DO,0.349480969,1.8200000000000003,14845.0,11.300000000000004,3784.596589987,0.5238354115349919,0.10800063052724555,0.7529812693442599,2.7192791242913215,-0.14063940233483224
0,465,DO,0.293693694,0.21000000000000085,13020.0,7.099999999999998,2424.6646714959998,0.03520661578059739,-1.0929725620332031,0.11285581940056726,1.1729214885521722,-1.0787098392305932
0,466,DO,0.391566265,2.1700000000000017,11870.0,4.5,2440.0,0.8924515072924433,0.3690817593447355,-0.29051090248175965,0.21565247595174875,-1.0681316491652773
0,467,DO,0.275330396,0.0,13067.0,5.0,3820.773129772,-0.12563357918893825,-1.2496212393236972,0.12934124194706234,0.39974267068259955,-0.11568510718221296
0,468,DO,0.398568019,0.240000000000002,11271.0,2.0,3584.0,0.9537783712625603,-1.0705941795631317,-0.5006123515317716,-0.7047984977025052,-0.2790093664854678
0,469,DO,0.250460405,0.08999999999999986,12795.0,3.8999999999999986,2101.020928252,-0.3434645048391448,-1.1824860919134859,0.03393624338011199,-0.005255757725272741,-1.3019567705625366
0,470,DO,0.433760684,1.2699999999999996,11913.0,3.6000000000000014,2490.722221208,1.2620233880399139,-0.30226971475738046,-0.27542849462007263,-0.11570987456378218,-1.0331438563486275
0,471,DO,0.191449814,0.39000000000000057,15629.0,4.299999999999997,5523.022655246,-0.8603256352149362,-0.9587022672127805,1.0279721475666463,0.14201639805940738,1.0585133466924943
0,472,DO,0.288888889,0.33999999999999986,14706.0,5.5,3054.399302988,-0.006877642340716234,-0.9959995713295652,0.7042265090471787,0.5838328654134504,-0.6443237991208941
0,473,DO,0.275,0.6099999999999994,13121.0,2.8000000000000043,5396.54984024,-0.12852744700381263,-0.7945941290989311,0.1482819401919716,-0.4102541861331424,0.971273384739281
0,474,DO,0.18558952,0.0,14659.0,5.5,3939.552188536,-0.9116546954708226,-1.2496212393236972,0.6877410865006836,0.5838328654134504,-0.03375223831297634
0,475,DO,0.3,0.0,17598.0,2.6999999999999957,4474.310594868,0.09044219963800405,-1.2496212393236972,1.7186061261634304,-0.4470722250793157,0.3351199420077626
0,476,DO,0.340632603,0.0,15088.0,0.8000000000000043,5167.20915864,0.4463344684798933,-1.2496212393236972,0.8382144114463517,-1.1466149650565456,0.8130759702501769
0,477,DO,0.069196429,1.610000000000003,11617.0,1.0,2654.033478749,-1.9311168557835765,-0.0486480467632458,-0.37925158129587155,-1.072978887164207,-0.9204930238852848
0,478,DO,0.312720848,0.5399999999999991,16410.0,2.700000000000003,2246.189816162,0.20186138329977468,-0.8468103548624292,1.3019107647754267,-0.4470722250793131,-1.2018204032534205
0,479,DO,0.306772908,0.0,16258.0,0.8000000000000043,3799.4815626,0.14976465049790566,-1.2496212393236972,1.248596206752719,-1.1466149650565456,-0.1303718642526669
0,480,DO,0.211055276,0.610000000000003,12458.0,1.2000000000000028,3444.9045255319998,-0.6886055917593532,-0.7945941290989285,-0.08426774381496989,-0.9993428092718656,-0.37495634054370164
0,481,DO,0.300699301,0.05999999999999872,17592.0,2.5,3660.374714462,0.0965672273526547,-1.2048644743835573,1.7165016041362182,-0.5207083029716545,-0.22632668377981027
0,482,DO,0.085526316,0.0799999999999983,17352.0,2.200000000000003,4502.901313852,-1.7880868723399446,-1.1899455527368439,1.6323207230477326,-0.631162419810164,0.3548415971022652
0,483,DO,0.400544959,1.5899999999999999,16744.0,2.3999999999999986,4328.574932685,0.971093965391843,-0.06356696840996179,1.4190624909569023,-0.5575263419178251,0.2345926182230573
0,484,DO,0.0,0.3099999999999987,13762.0,0.4000000000000057,2947.0,-2.5371935600637996,-1.0183779537996365,0.3731150434324686,-1.2938871208412257,-0.7184070011594527
0,485,DO,0.0,0.259999999999998,10767.0,2.0,3215.0,-2.5371935600637996,-1.0556752579164213,-0.6773922018175914,-0.7047984977025052,-0.5335426901820147
0,486,DO,0.188679245,1.2800000000000011,12469.0,3.5999999999999943,5676.376928208,-0.8845924558120072,-0.2948102539340225,-0.08040945343174764,-0.1157098745637848,1.164295928806547
0,487,DO,0.38317757,1.0799999999999983,18780.0,3.799999999999997,3347.8598138099997,0.8189767240950042,-0.4439994704011611,2.133196965524222,-0.042073796671443425,-0.44189702623956595
0,488,DO,0.284294235,0.5199999999999996,16026.0,4.5,3994.23938136,-0.04712123285357246,-0.8617292765091424,1.1672213550338495,0.21565247595174875,0.003970561017990418
0,489,DO,0.352549889,0.28000000000000114,16250.0,2.1000000000000014,5026.43459052,0.5507154246538724,-1.0407563362697052,1.2457901773831028,-0.6679804587563346,0.7159707704790939
0,490,DO,0.237020316,0.3400000000000034,15168.0,1.6000000000000014,5402.519701696,-0.46118336640572755,-0.9959995713295625,0.8662747051425135,-0.8520706534871855,0.9753913486373939
0,491,DO,0.408775982,0.8599999999999994,16228.0,6.400000000000002,3359.11547155,1.0431877333042698,-0.6081076085150104,1.2380735966166583,0.9151952159289827,-0.43413296126679335
0,492,DO,0.421161826,0.0,16423.0,3.0999999999999943,3711.464728948,1.1516726886658968,-1.2496212393236972,1.3064705625010529,-0.2998000692946356,-0.19108519002689361
0,493,DO,0.27458256,0.509999999999998,15747.0,1.7999999999999972,3895.118564826,-0.13218371457557945,-0.8691887373325005,1.069361080768485,-0.7784345755948466,-0.0644022055942447
0,494,DO,0.356223176,1.879999999999999,16384.0,1.8999999999999986,3925.1244633280003,0.5828889589100313,0.15275739546738556,1.292791169324174,-0.741616536648676,-0.04370437069935195
0,495,DO,0.307377049,1.0600000000000023,15960.0,3.6000000000000014,3310.12,0.15505619214957905,-0.4589183920478718,1.144071612734516,-0.11570987456378218,-0.46792965562912714
0,496,DO,0.301801802,0.8900000000000006,17579.0,2.200000000000003,6587.644143082,0.10622379752834499,-0.5857292260449392,1.711941806410592,-0.631162419810164,1.79288095042599
0,497,DO,0.278873239,1.879999999999999,17440.0,3.3000000000000007,5343.461975234,-0.0946025759962407,0.15275739546738556,1.6631870461135108,-0.22616399140229293,0.9346537892706344
0,498,DO,0.329434698,0.3299999999999983,18663.0,3.799999999999997,4724.575047984,0.3482544164407483,-1.003459032152923,2.0921587859935853,-0.042073796671443425,0.5077504109907273
0,499,DO,0.336397059,0.9799999999999986,16510.0,3.6000000000000014,3989.005513823,0.4092362455592587,-0.5185940786347292,1.3369861318956289,-0.11570987456378218,0.0003602799882340275
0,500,DO,0.230623819,0.33999999999999986,15722.0,2.6000000000000014,3357.590518608,-0.5172089139191453,-0.9959995713295652,1.0605922389884346,-0.4838902640254838,-0.43518486191939
0,501,DO,0.205128205,0.8200000000000003,16027.0,1.8999999999999986,3496.75609446,-0.7405195374589918,-0.6379454518084371,1.1675721087050517,-0.741616536648676,-0.33918953247290357
0,502,DO,0.304065041,1.120000000000001,16192.0,2.0,4768.108941396,0.12604702329218392,-0.4141616271077318,1.2254464644533856,-0.7047984977025052,0.5377797513257072
0,503,DO,0.31875,1.509999999999998,16014.0,2.4000000000000057,6902.787545928,0.2546694346193667,-0.12324265499681777,1.1630123109794253,-0.5575263419178226,2.0102644132103595
0,504,DO,0.308962264,0.28000000000000114,16150.0,1.5999999999999943,4746.991490356,0.16894075088563112,-1.0407563362697052,1.2107148102629004,-0.852070653487188,0.5232130982058962
0,505,DO,0.37408313,0.0,13062.0,3.700000000000003,5269.31051172,0.7393204715667957,-1.2496212393236972,0.12758747359105224,-0.0788918356176115,0.8835046877389766
0,506,DO,0.458715596,0.0,14824.0,7.899999999999999,5182.0366987279995,1.4805981185446193,-1.2496212393236972,0.7456154422490174,1.4674658001215337,0.8233038918242751
0,507,DO,0.280927835,0.0,15478.0,1.0,4753.518041715,-0.07660680959177289,-1.2496212393236972,0.9750083432151407,-1.072978887164207,0.5277150624597785
0,508,DO,0.567723343,1.25,9253.0,3.299999999999997,1354.544668264,2.4353736322170434,-0.3171886364040938,-1.208433260017455,-0.22616399140229423,-1.8168702760240905
0,509,DO,0.189845475,1.2899999999999991,13194.0,2.5999999999999943,3636.816594064,-0.8743776969718835,-0.28735079311066714,0.17388695818971933,-0.4838902640254864,-0.2425768915980931
0,510,DO,0.341176471,0.0,15416.0,4.199999999999996,7309.788232938,0.45109809183108496,-1.2496212393236972,0.9532616156006153,0.1051983591132367,2.2910103145963574
0,511,DO,0.264,0.0,18248.0,1.0,3773.0,-0.22487409152621218,-1.2496212393236972,1.9465960124447457,-1.072978887164207,-0.1486386397140657
0,512,DO,0.182628062,0.21999999999999886,13494.0,1.8999999999999986,4495.0,-0.9375934719430058,-1.0855131012098478,0.27911305955032634,-0.741616536648676,0.34939133239679304
0,513,DO,0.268472906,0.0,15508.0,2.299999999999997,4147.091135698,-0.18569686567492968,-1.2496212393236972,0.9855309533512014,-0.5943443808639959,0.10940650970226976
0,514,DO,0.327067669,0.6500000000000021,15924.0,5.0,7953.191730083,0.32752211629191075,-0.7647562858055018,1.1314444805712431,0.39974267068259955,2.7348250316865976
0,515,DO,0.427184466,0.3200000000000003,16989.0,4.300000000000004,5915.77669911,1.2044237027719316,-1.0109184929762784,1.5049971404013982,0.14201639805941,1.3294320246869746
0,516,DO,0.36043956,1.3200000000000003,15443.0,1.1999999999999957,5310.9384648800005,0.6198193634934799,-0.2649724106405958,0.96273196472307,-0.9993428092718681,0.9122193253446651
0,517,DO,0.3025,2.09,16441.0,4.100000000000001,3327.9674999999997,0.11233916430218577,0.30940607275787957,1.3127841285826893,0.06838032016706863,-0.45561858924789655
0,518,DO,0.254302103,0.0,14428.0,4.5,3540.737709046,-0.3098158946965618,-1.2496212393236972,0.6067169884530162,0.21565247595174875,-0.3088513575620225
0,519,DO,0.242530756,0.9100000000000001,14536.0,2.6000000000000014,6759.0,-0.4129186024200904,-0.5708103043982258,0.6445983849428347,-0.4838902640254838,1.9110808848330594
0,520,DO,0.19330855,1.1400000000000006,15181.0,2.0,4581.8475846500005,-0.8440453646101193,-0.3992427054610185,0.8708345028681398,-0.7047984977025052,0.40929811932357313
0,521,DO,0.22673031,0.0,13941.0,1.7000000000000028,3422.0,-0.5513113255162148,-1.2496212393236972,0.4358999505776308,-0.8152526145410147,-0.39075570371809815
0,522,DO,0.27032967,0.33999999999999986,14462.0,1.0,4949.27253031,-0.1694338673958397,-0.9959995713295652,0.618642613273885,-1.072978887164207,0.662744982813716
0,523,DO,0.192477876,0.6099999999999994,12370.0,3.1999999999999957,4186.67891567,-0.8513210603003011,-0.7945941290989311,-0.11513406688074795,-0.2629820303484649,0.13671385174574072
0,524,DO,0.269879518,1.9499999999999993,12229.0,2.200000000000003,3565.1707282919997,-0.17337665237084435,0.20497362123088356,-0.16459033452023325,-0.631162419810164,-0.2919976513381038
0,525,DO,0.174369748,0.3000000000000007,15461.0,1.3000000000000043,4825.605012043,-1.0099262758804928,-1.0258374146229918,0.9690455308047063,-0.9625247703256948,0.577440092684169
0,526,DO,0.356746765,0.0,16614.0,4.399999999999999,2947.558226895,0.5874749628426534,-1.2496212393236972,1.3734645137006394,0.17883443700557808,-0.7180219405985822
0,527,DO,0.285440613,3.0299999999999976,17229.0,3.6000000000000014,6650.01915716,-0.037080353430454314,1.0105953901534197,1.5891780214898836,-0.11570987456378218,1.8359067489324732
0,528,DO,0.211627907,0.0,14748.0,0.6000000000000014,4677.127906795,-0.6835900394503074,-1.2496212393236972,0.7189581632376637,-1.220251042948887,0.4750217428423927
0,529,DO,0.231237323,0.07000000000000028,15440.0,2.799999999999997,7231.455863222,-0.5118353637554117,-1.1974050135601992,0.9616797037094639,-0.41025418613314507,2.23697725655614
0,530,DO,0.215953307,0.0,15683.0,2.700000000000003,2606.958258475,-0.6457047870669267,-1.2496212393236972,1.0469128458115555,-0.4470722250793131,-0.952965143885524
0,531,DO,0.235154394,0.0,11630.0,0.8000000000000043,2955.602355382,-0.47752657764577544,-1.2496212393236972,-0.3746917835702453,-1.1466149650565456,-0.7124731634711075
0,532,DO,0.249452954,0.629999999999999,16769.0,1.6999999999999957,3847.5661591479998,-0.35228855241830254,-0.7796752074522179,1.427831332736953,-0.8152526145410174,-0.09720348436656961
0,533,DO,0.174904943,0.0,14817.0,1.5999999999999943,4576.552292964,-1.005238617479114,-1.2496212393236972,0.7431601665506034,-0.852070653487188,0.405645468394629
0,534,DO,0.242494226,0.0,16448.0,2.6000000000000014,4090.624568037,-0.4132385608677632,-1.2496212393236972,1.3152394042811035,-0.4838902640254838,0.07045631147871902
0,535,DO,0.201596806,0.0,15317.0,1.7999999999999972,5143.207587108,-0.7714503051062426,-1.2496212393236972,0.918537002151615,-0.7784345755948466,0.7965198732963001
0,536,DO,0.240654206,0.0,14524.0,2.5,4999.845792068,-0.42935490203631826,-1.2496212393236972,0.6403893408884105,-0.5207083029716545,0.6976300245628742
0,537,DO,0.149184149,0.0,15090.0,3.5,2773.3333324960004,-1.2305215444201927,-1.2496212393236972,0.8389159187887557,-0.15252791350995287,-0.8382009146962985
0,538,DO,0.290023202,0.7199999999999989,15763.0,2.6999999999999957,3725.128492185,0.0030575623309325216,-0.7125400600420064,1.0749731395077173,-0.4470722250793157,-0.18166003265313654
0,539,DO,0.179924242,0.0,17388.0,1.2999999999999972,4140.253790868,-0.9612756523423289,-1.2496212393236972,1.6449478552110055,-0.9625247703256975,0.10469016253468365
0,540,DO,0.380410023,0.48999999999999844,19422.0,3.0,4478.505693546,0.7947363725488191,-0.8841076589792138,2.358380822435921,-0.3366181082408037,0.33801368837563833
0,541,DO,0.291970803,1.2999999999999972,16971.0,1.5,4130.44522214,0.02011618244170268,-0.2798913322873118,1.4986835743197617,-0.8888886924333561,0.09792428828253232
0,542,DO,0.176237624,0.17999999999999972,14050.0,1.3999999999999986,4492.4525519359995,-0.9935659499728634,-1.1153509445032745,0.47413210073865136,-0.9257067313795267,0.3476341225792473
0,543,DO,0.35,0.0,16078.0,2.6000000000000014,6607.843371273,0.5283814929216379,-1.2496212393236972,1.1854605459363547,-0.4838902640254838,1.8068142205819802
0,544,DO,0.296568627,0.0,15340.0,1.3999999999999986,4711.0,0.06038753830575306,-1.2496212393236972,0.9266043365892616,-0.9257067313795267,0.4983864487069669
0,545,DO,0.196388262,0.0,13879.0,0.6999999999999957,3740.661398358,-0.8170708266741766,-1.2496212393236972,0.41415322296310536,-1.183433004002719,-0.17094555505183498
0,546,DO,0.241784038,2.2699999999999996,19069.0,0.7999999999999972,3370.513321808,-0.4194589454841336,0.44367636757830226,2.234564776501607,-1.1466149650565483,-0.42627081300347563
0,547,DO,0.264150943,0.03999999999999915,18746.0,0.7000000000000028,2908.7358516189997,-0.22355201411128983,-1.2197833960302704,2.121271340703353,-1.1834330040027163,-0.7448013124489752
0,548,DO,0.157563025,0.0,16574.0,0.0,4095.768739446,-1.1571327637411686,-1.2496212393236972,1.3594343668525584,-1.4411592766259085,0.07400472081854978
0,549,DO,0.26,0.0,14722.0,1.2999999999999972,3096.1,-0.25990923498890295,-1.2496212393236972,0.7098385677864111,-0.9625247703256975,-0.6155589833731244
0,550,DO,0.463869464,1.7599999999999998,16822.0,3.1999999999999957,2875.435750713,1.5257397447365622,0.06324386558710422,1.4464212773106602,-0.2629820303484649,-0.7677714624842992
